"id","name","swings_competitive","percent_swings_competitive","contact","avg_bat_speed","hard_swing_rate","squared_up_per_bat_contact","squared_up_per_swing","blast_per_bat_contact","blast_per_swing","swing_length","swords","batter_run_value","whiffs","whiff_per_swing","batted_ball_events","batted_ball_event_per_swing"
592836,"Walker, Taijuan","536","0.93055555555555555556","452",72.62084416044782,"0.28917910447761194030",0.38716814159292035,0.32649253731343286,0.21902654867256638,0.18470149253731344,"7.3631749813432836","8",12.16478573460412,"84",0.15671641791044777,"246",0.458955223880597
676664,"Sears, JP","1193","0.92624223602484472050","948",72.55382545683156,"0.29673093042749371333",0.33649789029535865,0.2673931265716681,0.16033755274261605,0.12740989103101424,"7.3519784241408215","12",-24.42520099713655,"245",0.20536462699077954,"495",0.4149203688181056
527048,"Pérez, Martín","886","0.94255319148936170213","703",72.48024241535,"0.28103837471783295711",0.3613086770981508,0.2866817155756208,0.1763869132290185,0.1399548532731377,"7.4928701354401806","5",-8.563641413384534,"183",0.20654627539503387,"376",0.42437923250564336
682610,"Muñoz, Roddery","609","0.93261868300153139357","477",72.40287172413791,"0.27586206896551724138",0.33752620545073375,0.26436781609195403,0.129979035639413,0.10180623973727422,"7.4938656978653530","11",4.5926803490044925,"132",0.21674876847290642,"241",0.3957307060755337
607536,"Freeland, Kyle","738","0.92947103274559193955","634",72.39796388888891,"0.28455284552845528455",0.334384858044164,0.2872628726287263,0.14511041009463724,0.12466124661246612,"7.4337722086720867","16",-4.33903744388251,"104",0.14092140921409213,"321",0.4349593495934959
665795,"Cabrera, Edward","695","0.91087811271297509830","516",72.35169489208629,"0.26906474820143884892",0.2868217054263566,0.21294964028776978,0.14534883720930233,0.1079136690647482,"7.4204104460431655","20",-9.751162841162621,"179",0.25755395683453236,"234",0.3366906474820144
608334,"Fulmer, Carson","607","0.92955589586523736600","461",72.31824855024716,"0.27182866556836902801",0.3232104121475054,0.24546952224052718,0.1475054229934924,0.11202635914332784,"7.4701977594728171","15",-19.73333536302241,"146",0.24052718286655683,"229",0.3772652388797364
676710,"Crawford, Kutter","1248","0.90500362581580855693","956",72.28474520032059,"0.29887820512820512821",0.301255230125523,0.23076923076923078,0.12866108786610878,0.0985576923076923,"7.3978388381410256","24",-13.756644901162657,"292",0.23397435897435898,"467",0.37419871794871795
676130,"Buttó, José","531","0.92187500000000000000","370",72.23621455743879,"0.27495291902071563089",0.3108108108108108,0.21657250470809794,0.14324324324324325,0.09981167608286252,"7.5335348399246704","13",-32.88636811737726,"161",0.3032015065913371,"182",0.3427495291902072
680730,"Parker, Mitchell","1082","0.90619765494137353434","852",72.21154506469499,"0.26802218114602587800",0.34507042253521125,0.27171903881700554,0.1396713615023474,0.1099815157116451,"7.4078564325323475","19",-9.017704963001936,"230",0.21256931608133087,"429",0.39648798521256934
607067,"Rea, Colin","1089","0.93798449612403100775","898",72.20890651974294,"0.26629935720844811754",0.3518930957683742,0.29017447199265384,0.15924276169265034,0.13131313131313133,"7.3080607805325987","16",-13.76222510965243,"191",0.1753902662993572,"481",0.44168962350780533
593423,"Montas, Frankie","1118","0.92016460905349794239","861",72.20524897137749,"0.27459749552772808587",0.2857142857142857,0.22003577817531306,0.13937282229965156,0.1073345259391771,"7.3682623434704830","15",-10.425371413296308,"257",0.2298747763864043,"396",0.3542039355992844
656288,"Canning, Griffin","1196","0.92212798766383962992","919",72.18635112040124,"0.26755852842809364548",0.36126224156692055,0.27759197324414714,0.14689880304678998,0.112876254180602,"7.4371803929765886","26",-12.267801700472134,"277",0.23160535117056857,"483",0.40384615384615385
641712,"Hudson, Dakota","504","0.92647058823529411765","413",72.17453930555558,"0.26388888888888888889",0.4358353510895884,0.35714285714285715,0.17191283292978207,0.14087301587301587,"7.4842711507936508","5",-0.6374853738521657,"91",0.18055555555555555,"248",0.49206349206349204
571578,"Corbin, Patrick","1184","0.91428571428571428571","944",72.1738950591217,"0.27195945945945945946",0.3591101694915254,0.28631756756756754,0.19491525423728814,0.1554054054054054,"7.4990596368243243","25",-2.332244225012055,"240",0.20270270270270271,"497",0.4197635135135135
664285,"Valdez, Framber","955","0.91650671785028790787","709",72.15952059685866,"0.27539267015706806283",0.3921015514809591,0.29109947643979056,0.1622002820874471,0.12041884816753927,"7.4242205130890052","21",-44.932868903269465,"246",0.25759162303664923,"399",0.4178010471204188
641540,"Dunning, Dane","633","0.90428571428571428571","500",72.14565241706168,"0.27962085308056872038",0.356,0.2812006319115324,0.174,0.13744075829383887,"7.4159288309636651","6",-5.1782965839708375,"133",0.21011058451816747,"255",0.4028436018957346
681190,"Vásquez, Randy","711","0.90804597701149425287","582",72.1411138677918,"0.24472573839662447257",0.3230240549828179,0.26441631504922647,0.13745704467353953,0.11251758087201125,"7.3021549507735584","14",-4.177272197553302,"129",0.18143459915611815,"298",0.4191279887482419
669432,"Rogers, Trevor","909","0.95083682008368200837","735",72.13448475247522,"0.26182618261826182618",0.3469387755102041,0.28052805280528054,0.1673469387755102,0.1353135313531353,"7.3808547524752475","12",-4.907854432751952,"174",0.19141914191419143,"359",0.3949394939493949
543339,"Hudson, Daniel","476","0.92787524366471734893","336",72.13265218487392,"0.27941176470588235294",0.34226190476190477,0.2415966386554622,0.16666666666666666,0.11764705882352941,"7.3873681722689076","10",-7.052143584839116,"140",0.29411764705882354,"172",0.36134453781512604
669358,"Baz, Shane","539","0.91822827938671209540","413",72.1081395918367,"0.25231910946196660482",0.3365617433414044,0.25788497217068646,0.13075060532687652,0.10018552875695733,"7.2493864564007421","7",-24.712945724642807,"126",0.23376623376623376,"205",0.3803339517625232
471911,"Carrasco, Carlos","707","0.93148880105401844532","563",72.10523946251766,"0.27157001414427157001",0.33570159857904086,0.26732673267326734,0.15630550621669628,0.12446958981612447,"7.4736347807637907","13",1.1999959959663091,"144",0.2036775106082037,"285",0.4031117397454031
694297,"Pfaadt, Brandon","1151","0.91786283891547049442","872",72.10326178105996,"0.26064291920069504778",0.33142201834862384,0.2510860121633362,0.13876146788990826,0.10512597741094701,"7.4062057428323197","20",-1.7967202446215615,"279",0.24239791485664638,"462",0.40139009556907035
607625,"Lugo, Seth","1298","0.90832750174947515745","1027",72.07693613251152,"0.26194144838212634823",0.3563777994157741,0.28197226502311246,0.1528724440116845,0.12095531587057011,"7.3388957704160247","23",-45.06616840830875,"271",0.20878274268104777,"554",0.4268104776579353
571760,"Heaney, Andrew","1156","0.92111553784860557769","869",72.07576709342547,"0.25692041522491349481",0.3233601841196778,0.2430795847750865,0.14154200230149597,0.10640138408304499,"7.3772107958477509","20",-22.0400077437162,"287",0.24826989619377163,"416",0.35986159169550175
573186,"Stroman, Marcus","967","0.92007611798287345385","800",72.07055617373318,"0.24405377456049638056",0.34375,0.2843846949327818,0.1625,0.1344364012409514,"7.3669290796277146","19",-19.22882400798713,"167",0.17269906928645296,"418",0.43226473629782836
542881,"Anderson, Tyler","1200","0.90634441087613293051","864",72.05504520833341,"0.24500000000000000000",0.3298611111111111,0.2375,0.1284722222222222,0.0925,"7.5187460000000000","12",-35.348052513099624,"336",0.28,"464",0.38666666666666666
686730,"Spiers, Carson","662","0.92329149232914923291","525",72.05333409365565,"0.27190332326283987915",0.34476190476190477,0.27341389728096677,0.1619047619047619,0.1283987915407855,"7.3555001963746224","10",12.52141110366846,"137",0.20694864048338368,"269",0.40634441087613293
656756,"Montgomery, Jordan","824","0.90949227373068432671","621",72.04830614077676,"0.25485436893203883495",0.3784219001610306,0.28519417475728154,0.1706924315619968,0.12864077669902912,"7.5839756674757282","20",4.012460284822465,"203",0.24635922330097088,"359",0.4356796116504854
605452,"Ross, Joe","516","0.91651865008880994671","382",72.04475137596901,"0.25193798449612403101",0.35340314136125656,0.2616279069767442,0.14397905759162305,0.1065891472868217,"7.4014755426356589","10",-12.047120235450778,"134",0.2596899224806202,"203",0.39341085271317827
665871,"Assad, Javier","886","0.90132248219735503561","744",72.04016260722359,"0.27313769751693002257",0.3548387096774194,0.2979683972911964,0.14650537634408603,0.12302483069977427,"7.2240446839729120","16",-29.449864257690827,"142",0.16027088036117382,"385",0.4345372460496614
621389,"Blach, Ty","491","0.91094619666048237477","418",72.02262272912417,"0.26680244399185336049",0.4090909090909091,0.34826883910386963,0.19856459330143542,0.1690427698574338,"7.3220391649694501","4",14.889006307575814,"73",0.14867617107942974,"234",0.47657841140529533
687765,"Spence, Mitch","1093","0.92236286919831223629","868",72.01584038426361,"0.25526075022872827081",0.3387096774193548,0.2689844464775846,0.1532258064516129,0.12168344007319305,"7.4304025709057640","18",-12.291064170601773,"225",0.20585544373284537,"431",0.39432753888380606
650911,"Sánchez, Cristopher","1284","0.91648822269807280514","962",72.01434299844237,"0.25778816199376947040",0.30665280665280664,0.22975077881619937,0.13721413721413722,0.102803738317757,"7.4836808333333333","10",-36.351997371083904,"322",0.2507788161993769,"502",0.3909657320872274
683155,"Estes, Joey","1015","0.93548387096774193548","825",72.01368263054182,"0.26995073891625615764",0.31272727272727274,0.2541871921182266,0.13454545454545455,0.10935960591133005,"7.2929323448275862","13",-5.988916315267025,"190",0.18719211822660098,"383",0.37733990147783253
571945,"Mikolas, Miles","1127","0.91329011345218800648","950",72.01132566104704,"0.26175687666370896185",0.32526315789473687,0.2741792369121562,0.15052631578947367,0.12688553682342502,"7.2523944543034605","11",3.875858702827561,"177",0.15705412599822538,"487",0.4321206743566992
519326,"Strickland, Hunter","492","0.94797687861271676301","381",72.00951317073165,"0.27642276422764227642",0.3228346456692913,0.25,0.11811023622047244,0.09146341463414634,"7.5343268699186992","3",-14.055082123639773,"111",0.22560975609756098,"190",0.3861788617886179
641793,"Littell, Zack","1102","0.92372170997485331098","864",71.98992240471884,"0.25499092558983666062",0.3368055555555556,0.26406533575317603,0.14814814814814814,0.1161524500907441,"7.3956942196007260","19",-13.25220885172711,"238",0.2159709618874773,"432",0.39201451905626133
596295,"Gomber, Austin","1061","0.93397887323943661972","849",71.98541898209237,"0.24599434495758718190",0.3710247349823322,0.29688972667295005,0.1696113074204947,0.1357210179076343,"7.5128246936852026","4",-8.729475871838789,"212",0.1998114985862394,"457",0.43072573044297835
656945,"Scott, Tanner","530","0.89678510998307952623","359",71.98238030188689,"0.25283018867924528302",0.23119777158774374,0.15660377358490565,0.06406685236768803,0.04339622641509434,"7.2178845094339623","11",-27.461275190227965,"171",0.32264150943396225,"146",0.27547169811320754
661563,"Gil, Luis","1092","0.90924229808492922565","797",71.97246732600739,"0.25183150183150183150",0.30614805520702637,0.22344322344322345,0.11292346298619825,0.08241758241758242,"7.3018887912087912","27",-40.517761516836615,"295",0.27014652014652013,"364",0.3333333333333333
641302,"Alexander, Tyler","702","0.92005242463958060288","562",71.97143146723636,"0.25213675213675213675",0.3505338078291815,0.28062678062678065,0.14768683274021352,0.11823361823361823,"7.2230675213675214","5",1.481322704014535,"140",0.19943019943019943,"288",0.41025641025641024
641482,"Cortes, Nestor","1195","0.91360856269113149847","913",71.95225081171546,"0.26443514644351464435",0.30558598028477546,0.23347280334728032,0.14457831325301204,0.11046025104602511,"7.2667340334728033","18",-24.904044382759512,"282",0.23598326359832636,"418",0.3497907949790795
570632,"Ureña, José","735","0.93155893536121673004","573",71.93997121088442,"0.22040816326530612245",0.3507853403141361,0.27346938775510204,0.1518324607329843,0.11836734693877551,"7.5258975374149660","5",-17.992258102400477,"162",0.22040816326530613,"321",0.43673469387755104
592332,"Gausman, Kevin","1261","0.94174757281553398058","973",71.93739831086438,"0.25535289452815226011",0.32065775950668035,0.24742268041237114,0.1500513874614594,0.11578112609040445,"7.3362460745440127","14",-25.833585673431056,"288",0.22839016653449642,"472",0.37430610626486915
592791,"Taillon, Jameson","1055","0.90948275862068965517","872",71.93580308056877,"0.23033175355450236967",0.3738532110091743,0.3090047393364929,0.15825688073394495,0.13080568720379146,"7.4082557819905213","20",-25.10227227747989,"183",0.1734597156398104,"472",0.44739336492890996
579328,"Kikuchi, Yusei","1186","0.91583011583011583012","860",71.93263956155143,"0.26475548060708263069",0.31976744186046513,0.2318718381112985,0.14883720930232558,0.10792580101180438,"7.1910079679595278","29",-21.88506588410217,"326",0.2748735244519393,"421",0.35497470489038785
657277,"Webb, Logan","1236","0.91420118343195266272","994",71.92155462783161,"0.26132686084142394822",0.36519114688128773,0.2936893203883495,0.17706237424547283,0.1423948220064725,"7.2603151779935275","19",-34.02821628782308,"242",0.19579288025889968,"531",0.42961165048543687
689017,"Knack, Landon","525","0.92429577464788732394","417",71.9185061333333,"0.26666666666666666667",0.3645083932853717,0.2895238095238095,0.1774580335731415,0.14095238095238094,"7.2795741714285714","6",-9.12849577794722,"108",0.2057142857142857,"204",0.38857142857142857
606930,"Barnes, Jacob","493","0.91127541589648798521","379",71.90915342799185,"0.25963488843813387424",0.33509234828496043,0.25760649087221094,0.11345646437994723,0.0872210953346856,"7.3541131034482759","8",-8.329091801049595,"114",0.23123732251521298,"187",0.3793103448275862
502043,"Gibson, Kyle","1011","0.91992720655141037307","767",71.89968308605334,"0.25222551928783382789",0.3754889178617992,0.28486646884273,0.15123859191655803,0.11473788328387735,"7.5788529970326409","18",-20.639107049763993,"244",0.2413452027695351,"438",0.4332344213649852
669060,"Wilson, Bryse","706","0.92529488859764089122","569",71.89605484419265,"0.24645892351274787535",0.3462214411247803,0.2790368271954674,0.1687170474516696,0.1359773371104816,"7.2644275779036827","8",-14.758905676773725,"137",0.19405099150141644,"302",0.42776203966005666
682243,"Miller, Bryce","1175","0.92519685039370078740","916",71.88355094468089,"0.24595744680851063830",0.3351528384279476,0.2612765957446809,0.12336244541484716,0.09617021276595744,"7.2135530638297872","21",-43.16544914316301,"259",0.2204255319148936,"442",0.37617021276595747
500779,"Quintana, Jose","1081","0.90008326394671107410","854",71.87823767807595,"0.26086956521739130435",0.36768149882903983,0.2904717853839038,0.16042154566744732,0.1267345050878816,"7.4186353839037928","25",-34.27297332125671,"227",0.20999074930619796,"465",0.4301572617946346
663559,"Falter, Bailey","891","0.91197543500511770727","727",71.87699160493823,"0.25813692480359147026",0.3741403026134801,0.3052749719416386,0.15818431911966988,0.12906846240179573,"7.1510148709315376","15",-13.334019446684271,"164",0.1840628507295174,"385",0.43209876543209874
678394,"Bello, Brayan","1065","0.93013100436681222707","802",71.87677407511751,"0.23474178403755868545",0.3266832917705736,0.2460093896713615,0.14713216957605985,0.1107981220657277,"7.4029813990610329","23",-19.47406833307688,"263",0.24694835680751173,"411",0.38591549295774646
548389,"Stripling, Ross","528","0.90877796901893287435","441",71.87371280303026,"0.23674242424242424242",0.3832199546485261,0.32007575757575757,0.17006802721088435,0.14204545454545456,"7.3584540530303030","4",0.5331044919393206,"87",0.16477272727272727,"259",0.49053030303030304
621112,"Blackburn, Paul","482","0.93050193050193050193","378",71.8727284647303,"0.26141078838174273859",0.3148148148148148,0.24688796680497926,0.12698412698412698,0.0995850622406639,"7.3997858506224066","7",-0.5483656598996496,"104",0.2157676348547718,"191",0.3962655601659751
684007,"Imanaga, Shota","1264","0.92872887582659808964","925",71.87006679588606,"0.23338607594936708861",0.31567567567567567,0.2310126582278481,0.14162162162162162,0.10363924050632911,"7.4740421123417722","17",-27.973981353976278,"339",0.26819620253164556,"453",0.3583860759493671
668964,"Myers, Tobias","979","0.91752577319587628866","777",71.86771736465788,"0.23391215526046986721",0.3204633204633205,0.254341164453524,0.148005148005148,0.11746680286006128,"7.2700775383043922","15",-29.054707365248593,"202",0.20633299284984677,"375",0.3830439223697651
681867,"Criswell, Cooper","704","0.91906005221932114883","595",71.86047350852265,"0.25000000000000000000",0.3226890756302521,0.2727272727272727,0.15630252100840336,0.13210227272727273,"7.3149485511363636","12",-14.148632379190042,"109",0.15482954545454544,"291",0.4133522727272727
663947,"Holton, Tyler","595","0.90015128593040847201","466",71.85976515966387,"0.26890756302521008403",0.296137339055794,0.2319327731092437,0.12017167381974249,0.09411764705882353,"7.3573905378151261","14",-26.926443237609554,"129",0.21680672268907564,"239",0.4016806722689076
668678,"Gallen, Zac","893","0.90293225480283114257","676",71.84998935050402,"0.24972004479283314670",0.3505917159763314,0.26539753639417696,0.14053254437869822,0.10638297872340426,"7.4988446024636058","23",-22.496019224265744,"217",0.24300111982082867,"342",0.3829787234042553
658648,"Avila, Pedro","569","0.90894568690095846645","433",71.83724701230229,"0.22847100175746924429",0.3348729792147806,0.2548330404217926,0.14549653579676675,0.11072056239015818,"7.3828804569420035","6",-20.05951186748008,"136",0.2390158172231986,"202",0.35500878734622143
607074,"Rodón, Carlos","1450","0.90738423028785982478","1039",71.8369923517241,"0.25034482758620689655",0.31857555341674687,0.22827586206896552,0.12800769971126083,0.09172413793103448,"7.3946779310344828","37",-22.307816331758605,"411",0.28344827586206894,"464",0.32
669854,"Blanco, Ronel","1094","0.91014975041597337770","790",71.83243104204756,"0.26234003656307129799",0.3012658227848101,0.21755027422303475,0.12784810126582277,0.0923217550274223,"7.5162361517367459","17",-48.52658652974935,"304",0.27787934186471663,"358",0.3272394881170018
684320,"Rodríguez, Yariel","604","0.90419161676646706587","462",71.83067587748343,"0.24668874172185430464",0.2943722943722944,0.2251655629139073,0.12121212121212122,0.09271523178807947,"7.3749392384105960","11",-14.878701494567624,"142",0.23509933774834438,"222",0.3675496688741722
458681,"Lynn, Lance","850","0.92091007583965330444","657",71.82446858823519,"0.24823529411764705882",0.3028919330289193,0.23411764705882354,0.1232876712328767,0.09529411764705882,"7.1419256000000000","15",-16.44940391845538,"193",0.22705882352941176,"309",0.3635294117647059
666157,"Lodolo, Nick","754","0.91062801932367149758","565",71.81868063660465,"0.25596816976127320955",0.3433628318584071,0.2572944297082228,0.1486725663716814,0.11140583554376658,"7.3508070424403183","17",-11.250573392607249,"189",0.2506631299734748,"291",0.3859416445623342
592094,"Adam, Jason","494","0.88689407540394973070","312",71.81742548582996,"0.24493927125506072874",0.33974358974358976,0.2145748987854251,0.13141025641025642,0.08299595141700405,"7.4979352226720648","9",-26.79581766726823,"182",0.3684210526315789,"156",0.3157894736842105
663776,"Sandoval, Patrick","526","0.88403361344537815126","399",71.81665283269969,"0.23003802281368821293",0.3057644110275689,0.23193916349809887,0.13784461152882205,0.10456273764258556,"7.4542289733840304","15",-8.205922848695892,"127",0.2414448669201521,"196",0.3726235741444867
683769,"Gaddis, Hunter","551","0.92449664429530201342","413",71.80450967332123,"0.24319419237749546279",0.29055690072639223,0.2177858439201452,0.10411622276029056,0.0780399274047187,"7.4153121597096189","8",-23.789139805570883,"138",0.25045372050816694,"187",0.3393829401088929
663623,"Irvin, Jake","1251","0.89870689655172413793","989",71.79266193445245,"0.24540367705835331735",0.32962588473205257,0.26059152677857716,0.1365015166835187,0.1079136690647482,"7.2109496562749800","16",-11.752756624917406,"262",0.20943245403677058,"492",0.3932853717026379
657006,"Steele, Justin","886","0.91813471502590673575","689",71.77590873589165,"0.24379232505643340858",0.28011611030478956,0.2178329571106095,0.10159651669085631,0.07900677200902935,"7.1624608465011287","19",-17.77699675208746,"197",0.22234762979683972,"333",0.3758465011286682
621244,"Berríos, José","1116","0.90584415584415584416","907",71.76521851254492,"0.24193548387096774194",0.360529217199559,0.29301075268817206,0.15104740904079383,0.12275985663082438,"7.2998522401433692","26",-23.78608515742602,"209",0.18727598566308243,"483",0.4327956989247312
669302,"Gilbert, Logan","1273","0.89020979020979020979","899",71.74557366064423,"0.24823252160251374705",0.3604004449388209,0.2545168892380204,0.15016685205784205,0.10604870384917518,"7.4605192380204242","34",-29.783523954018523,"374",0.29379418695993714,"475",0.373134328358209
686563,"Cannon, Jonathan","853","0.91819160387513455328","684",71.74427492379837,"0.22977725674091441970",0.34941520467836257,0.2801875732708089,0.12719298245614036,0.10199296600234467,"7.2330049237983587","12",-10.586077564663796,"169",0.1981242672919109,"363",0.42555685814771393
605400,"Nola, Aaron","1366","0.91924629878869448183","1034",71.74232018301606,"0.24524158125915080527",0.327852998065764,0.24816983894582723,0.14603481624758222,0.11054172767203514,"7.5126044363103953","31",-25.40816006066813,"332",0.2430453879941435,"509",0.3726207906295754
681857,"Olson, Reese","800","0.91954022988505747126","594",71.71999067499999,"0.22500000000000000000",0.3720538720538721,0.27625,0.16498316498316498,0.1225,"7.5770839250000000","19",-16.159667847284602,"206",0.2575,"310",0.3875
677960,"Weathers, Ryan","517","0.90384615384615384615","392",71.71981058027087,"0.27079303675048355899",0.3469387755102041,0.26305609284332687,0.13010204081632654,0.09864603481624758,"7.3164823984526112","9",-12.695323304132534,"125",0.24177949709864605,"208",0.402321083172147
694813,"Stone, Gavin","902","0.91388044579533941236","686",71.7179716629712,"0.26496674057649667406",0.3396501457725947,0.2583148558758315,0.13994169096209913,0.10643015521064302,"7.3980062305986696","13",-25.35759555200894,"216",0.2394678492239468,"361",0.40022172949002216
592351,"Gray, Jon","706","0.92287581699346405229","542",71.71576538243626,"0.23796033994334277620",0.35977859778597787,0.2762039660056657,0.14760147601476015,0.11331444759206799,"7.3508113456090652","11",-6.314433332784427,"164",0.23229461756373937,"280",0.39660056657223797
808967,"Yamamoto, Yoshinobu","700","0.91503267973856209150","517",71.7081053857143,"0.26285714285714285714",0.2940038684719536,0.21714285714285714,0.14313346228239845,0.10571428571428572,"7.2979195857142857","7",-22.183274367122635,"183",0.26142857142857145,"244",0.3485714285714286
640448,"Finnegan, Kyle","479","0.91064638783269961977","372",71.70545225469732,"0.22338204592901878914",0.3225806451612903,0.25052192066805845,0.14516129032258066,0.1127348643006263,"7.0850003549060543","4",-9.112063547554222,"107",0.22338204592901878,"169",0.35281837160751567
672456,"Montero, Keider","674","0.92076502732240437158","538",71.70031253709197,"0.23590504451038575668",0.3420074349442379,0.27299703264094954,0.15055762081784388,0.1201780415430267,"7.2912974332344214","12",-5.122887187968889,"136",0.20178041543026706,"283",0.4198813056379822
671106,"Allen, Logan","616","0.90989660265878877400","504",71.69922056818199,"0.24512987012987012987",0.38293650793650796,0.3133116883116883,0.20436507936507936,0.1672077922077922,"7.2923740259740260","14",-0.9166578297024646,"112",0.18181818181818182,"263",0.42694805194805197
682847,"Ortiz, Luis L.","912","0.93346980552712384852","731",71.69240855263159,"0.23684210526315789474",0.3146374829001368,0.25219298245614036,0.11901504787961696,0.09539473684210527,"7.2615098135964912","13",-33.963610124487495,"181",0.19846491228070176,"361",0.3958333333333333
669022,"Gore, MacKenzie","1292","0.90666666666666666667","945",71.69215966718271,"0.22600619195046439628",0.2761904761904762,0.2020123839009288,0.09735449735449736,0.07120743034055728,"7.1885123529411765","23",-21.20747291832047,"347",0.26857585139318885,"423",0.32739938080495357
547179,"Lorenzen, Michael","861","0.93282773564463705309","675",71.69032052264805,"0.22648083623693379791",0.33925925925925926,0.2659698025551684,0.14814814814814814,0.11614401858304298,"7.3221579210220674","13",-35.82625533760184,"186",0.21602787456445993,"357",0.4146341463414634
687792,"Herz, DJ","699","0.92460317460317460317","505",71.68764947067241,"0.25178826895565092990",0.29504950495049503,0.21316165951359084,0.10693069306930693,0.07725321888412018,"7.2887468812589413","13",-18.728330251354922,"194",0.27753934191702434,"219",0.3133047210300429
686752,"Pepiot, Ryan","859","0.89853556485355648536","612",71.68707572759025,"0.23981373690337601863",0.31699346405228757,0.22584400465657742,0.11601307189542484,0.08265424912689173,"7.2136255529685681","26",-24.137241038418306,"247",0.28754365541327126,"289",0.33643771827706637
683003,"Jones, Jared","818","0.91192865105908584169","590",71.68639361858195,"0.22371638141809290954",0.3338983050847458,0.24083129584352078,0.1271186440677966,0.09168704156479218,"7.2713904645476773","19",-13.116945627502664,"228",0.2787286063569682,"290",0.3545232273838631
656550,"Holmes, Grant","471","0.88367729831144465291","333",71.68269397027603,"0.22929936305732484076",0.35135135135135137,0.2484076433121019,0.12912912912912913,0.09129511677282377,"7.4738152229299363","17",-8.578829937222913,"138",0.2929936305732484,"176",0.37367303609341823
663903,"Singer, Brady","1125","0.90725806451612903226","873",71.68022159111113,"0.25155555555555555556",0.3631156930126002,0.2817777777777778,0.16265750286368844,0.12622222222222224,"7.3503996533333333","28",-26.282255641625632,"252",0.224,"472",0.41955555555555557
671096,"Abbott, Andrew","945","0.92556317335945151812","742",71.67533388359792,"0.23174603174603174603",0.3247978436657682,0.25502645502645505,0.11994609164420485,0.09417989417989418,"7.2970625396825397","4",-24.691841341077044,"203",0.21481481481481482,"375",0.3968253968253968
670102,"Francis, Bowden","682","0.92286874154262516915","547",71.66988451612903,"0.24046920821114369501",0.31444241316270566,0.25219941348973607,0.1170018281535649,0.093841642228739,"7.2350121994134897","12",-24.485970664289223,"135",0.19794721407624633,"245",0.3592375366568915
666142,"Ragans, Cole","1365","0.91182364729458917836","934",71.66949400732604,"0.23736263736263736264",0.2740899357601713,0.18754578754578755,0.1006423982869379,0.06886446886446887,"7.4472398901098901","17",-45.87274480000907,"431",0.31575091575091574,"418",0.30622710622710625
608344,"Irvin, Cole","715","0.92139175257731958763","599",71.66211793006994,"0.23636363636363636364",0.3656093489148581,0.3062937062937063,0.1636060100166945,0.13706293706293707,"7.3279654265734266","4",7.334838138822084,"116",0.16223776223776223,"327",0.45734265734265733
506433,"Darvish, Yu","545","0.92216582064297800338","414",71.66165741284397,"0.22385321100917431193",0.3333333333333333,0.25321100917431194,0.11594202898550725,0.08807339449541285,"7.6412331926605505","5",-18.653406727919652,"131",0.24036697247706423,"202",0.3706422018348624
622663,"Severino, Luis","1363","0.90685296074517631404","1084",71.63588389581805,"0.23037417461482024945",0.27767527675276754,0.22083639031548055,0.1070110701107011,0.0851063829787234,"7.1533315407190022","28",-35.17883110589281,"279",0.20469552457813647,"506",0.37123991195891415
650644,"Civale, Aaron","1062","0.91630716134598792062","841",71.63165620527302,"0.22693032015065913371",0.3341260404280618,0.2645951035781544,0.1403091557669441,0.1111111111111111,"7.3648420621468927","13",-16.99625275213953,"221",0.2080979284369115,"431",0.4058380414312618
667755,"Soriano, José","675","0.90361445783132530120","529",71.62770665185184,"0.22074074074074074074",0.3610586011342155,0.28296296296296297,0.13988657844990549,0.10962962962962963,"7.3920455555555556","21",-22.984473269369733,"146",0.2162962962962963,"283",0.4192592592592593
669467,"Pallante, Andre","720","0.88127294981640146879","586",71.62740580555561,"0.22083333333333333333",0.2986348122866894,0.24305555555555555,0.11262798634812286,0.09166666666666666,"7.0760877361111111","17",-27.613498881472367,"134",0.18611111111111112,"302",0.41944444444444445
624133,"Suárez, Ranger","915","0.90236686390532544379","727",71.62322057923497,"0.23715846994535519126",0.31911966987620355,0.253551912568306,0.14167812929848694,0.11256830601092896,"7.3660576721311475","12",-16.626968856903076,"188",0.20546448087431693,"370",0.40437158469945356
674003,"Bradford, Cody","476","0.92069632495164410058","365",71.6183465756303,"0.23949579831932773109",0.36712328767123287,0.2815126050420168,0.15342465753424658,0.11764705882352941,"7.2283222058823529","5",-10.482374250807355,"111",0.23319327731092437,"187",0.39285714285714285
607200,"Fedde, Erick","1140","0.92158447857720291027","905",71.60940667543849,"0.23070175438596491228",0.33370165745856356,0.2649122807017544,0.13370165745856355,0.10614035087719298,"7.1973404473684211","15",-38.46080412348769,"235",0.20614035087719298,"467",0.40964912280701754
641927,"Ober, Bailey","1208","0.89680772086117297699","858",71.60906712748348,"0.23178807947019867550",0.3135198135198135,0.222682119205298,0.10722610722610723,0.076158940397351,"7.4689369619205298","22",-26.435614358356414,"350",0.2897350993377483,"407",0.33692052980132453
594902,"Lively, Ben","996","0.91042047531992687386","823",71.6081054417671,"0.21586345381526104418",0.35844471445929527,0.2961847389558233,0.15552855407047386,0.1285140562248996,"7.2218544678714859","13",-15.25293843388072,"173",0.17369477911646586,"426",0.42771084337349397
672282,"Detmers, Reid","625","0.90057636887608069164","463",71.60155252799986,"0.22080000000000000000",0.3304535637149028,0.2448,0.12526997840172785,0.0928,"7.3924485600000000","17",13.588623771151982,"162",0.2592,"205",0.328
657376,"Schmidt, Clarke","623","0.91887905604719764012","457",71.59173709470299,"0.25200642054574638844",0.3063457330415755,0.2247191011235955,0.12910284463894967,0.09470304975922954,"7.2093583467094703","6",-28.234511419537295,"166",0.2664526484751204,"222",0.3563402889245586
623167,"Flexen, Chris","1128","0.91781936533767290480","888",71.58966777482263,"0.23581560283687943262",0.3547297297297297,0.27925531914893614,0.1373873873873874,0.10815602836879433,"7.4221883421985816","13",-11.310440684578731,"240",0.2127659574468085,"465",0.4122340425531915
656427,"Flaherty, Jack","1153","0.90858944050433412136","819",71.58625033824808,"0.24371205550737207285",0.3418803418803419,0.24284475281873374,0.14285714285714285,0.10147441457068516,"7.4958018386816999","26",-19.584273414113916,"334",0.2896790980052038,"419",0.3633998265394623
656849,"Peterson, David","845","0.89417989417989417989","639",71.57776841420123,"0.23313609467455621302",0.37402190923317685,0.2828402366863905,0.1752738654147105,0.13254437869822486,"7.2023917278106509","17",-37.99854246159047,"206",0.24378698224852072,"360",0.4260355029585799
681293,"Arrighetti, Spencer","1036","0.90322580645161290323","778",71.57707143822397,"0.25482625482625482625",0.30848329048843187,0.23166023166023167,0.12082262210796915,0.09073359073359073,"7.3598871042471042","21",-12.462152245873863,"258",0.24903474903474904,"358",0.34555984555984554
450203,"Morton, Charlie","1082","0.90392648287385129490","820",71.57299045286507,"0.23567467652495378928",0.3231707317073171,0.24491682070240295,0.1329268292682927,0.10073937153419593,"7.4619933364140481","22",-17.358503867104336,"262",0.24214417744916822,"392",0.36229205175600737
669203,"Burnes, Corbin","1253","0.88613861386138613861","943",71.57023051077411,"0.22426177174780526736",0.3266171792152704,0.24581005586592178,0.13043478260869565,0.09816440542697526,"7.4962086272944932","52",-34.61757412082774,"310",0.24740622505985635,"516",0.4118116520351157
543037,"Cole, Gerrit","870","0.90814196242171189979","681",71.55904122988508,"0.20919540229885057471",0.3274596182085169,0.25632183908045975,0.13803230543318648,0.10804597701149425,"7.1734932298850575","12",-20.270248518757985,"189",0.21724137931034482,"316",0.3632183908045977
671737,"Bradley, Taj","1022","0.90602836879432624113","743",71.55389293542075,"0.22113502935420743640",0.3135935397039031,0.22798434442270057,0.1224764468371467,0.08904109589041095,"7.2069962720156556","17",-24.77627042503151,"279",0.27299412915851273,"331",0.3238747553816047
656557,"Houck, Tanner","1098","0.92114093959731543624","864",71.55109759562845,"0.22495446265938069217",0.3680555555555556,0.2896174863387978,0.1597222222222222,0.12568306010928962,"7.4001915482695811","17",-34.91397684370026,"234",0.21311475409836064,"468",0.4262295081967213
615698,"Quantrill, Cal","993","0.93151969981238273921","779",71.54652261832835,"0.23363544813695871098",0.3247753530166881,0.25478348439073517,0.1386392811296534,0.10876132930513595,"7.3266889123867069","9",-25.579112761531793,"214",0.21550855991943604,"389",0.391742195367573
641154,"López, Pablo","1277","0.88927576601671309192","954",71.54314543461236,"0.20673453406421299922",0.29559748427672955,0.22083007047768208,0.11530398322851153,0.08613938919342208,"7.2508726468285043","29",-16.755234497407976,"323",0.2529365700861394,"448",0.350822239624119
621107,"Eflin, Zach","1034","0.90622261174408413672","829",71.53753591876213,"0.22340425531914893617",0.3486127864897467,0.27949709864603484,0.15440289505428226,0.12379110251450677,"7.3660176789168279","22",-23.956178038120985,"205",0.19825918762088976,"450",0.43520309477756286
679525,"Marsh, Alec","853","0.89789473684210526316","676",71.53105498241499,"0.22391559202813599062",0.3431952662721893,0.2719812426729191,0.14053254437869822,0.11137162954279015,"7.3293817233294256","21",-2.787338365810777,"177",0.20750293083235638,"325",0.3810082063305979
668881,"Greene, Hunter","1079","0.89173553719008264463","791",71.52255913809094,"0.20389249304911955514",0.2553729456384324,0.1872103799814643,0.07585335018963338,0.05560704355885079,"7.2528956255792400","24",-45.05365261923196,"288",0.2669138090824838,"320",0.2965708989805375
543294,"Hendricks, Kyle","843","0.91332611050920910076","695",71.52063336892058,"0.23013048635824436536",0.31510791366906477,0.2597864768683274,0.1381294964028777,0.11387900355871886,"7.4364359193357058","9",3.852219433140865,"148",0.17556346381969157,"381",0.45195729537366547
543135,"Eovaldi, Nathan","1152","0.90995260663507109005","846",71.51644435763882,"0.21875000000000000000",0.32860520094562645,0.24131944444444445,0.1536643026004728,0.11284722222222222,"7.3234275000000000","13",-21.05130159332534,"306",0.265625,"413",0.3585069444444444
543243,"Gray, Sonny","1027","0.89459930313588850174","752",71.51029464459599,"0.21129503407984420643",0.3523936170212766,0.25803310613437197,0.13829787234042554,0.10126582278481013,"7.3735429892891918","35",-13.476739600323002,"275",0.26777020447906524,"383",0.3729308666017527
663372,"Feltner, Ryan","1014","0.88713910761154855643","783",71.50952889546352,"0.21597633136094674556",0.3448275862068966,0.26627218934911245,0.13793103448275862,0.10650887573964497,"7.2658461538461538","18",-10.367557880774712,"231",0.22781065088757396,"430",0.4240631163708087
681676,"Fernandez, Ryan","494","0.89981785063752276867","349",71.50853773279347,"0.23886639676113360324",0.31805157593123207,0.22469635627530365,0.12034383954154727,0.08502024291497975,"7.4917409109311741","14",-17.573125684083173,"145",0.2935222672064777,"160",0.32388663967611336
669461,"Liberatore, Matthew","592","0.92211838006230529595","456",71.50796050675677,"0.23141891891891891892",0.3048245614035088,0.23479729729729729,0.12938596491228072,0.09966216216216216,"7.3442606081081081","11",-8.476413827959288,"136",0.22972972972972974,"215",0.36317567567567566
665152,"Kremer, Dean","858","0.91764705882352941176","669",71.50462199300702,"0.23310023310023310023",0.2974588938714499,0.23193473193473194,0.13153961136023917,0.10256410256410256,"7.3546082983682984","13",-14.540609790860767,"189",0.2202797202797203,"327",0.3811188811188811
605397,"Musgrove, Joe","615","0.90841949778434268833","457",71.50373991869927,"0.25365853658536585366",0.3435448577680525,0.2552845528455285,0.1575492341356674,0.11707317073170732,"7.3295866991869919","16",-15.790306287586166,"158",0.25691056910569104,"240",0.3902439024390244
607192,"Glasnow, Tyler","769","0.90577149587750294464","545",71.49038092327685,"0.23016905071521456437",0.3100917431192661,0.21976592977893367,0.11376146788990826,0.08062418725617686,"7.2389949934980494","16",-20.86544338588665,"224",0.29128738621586475,"259",0.3368010403120936
680573,"Woods Richardson, Simeon","1018","0.91960252935862691960","801",71.48970043222009,"0.21316306483300589391",0.30711610486891383,0.24165029469548133,0.1198501872659176,0.09430255402750491,"7.2571157662082515","14",-23.814778600986504,"217",0.2131630648330059,"362",0.3555992141453831
656629,"Kopech, Michael","485","0.86607142857142857143","340",71.4865015876289,"0.22268041237113402062",0.29705882352941176,0.20824742268041238,0.11764705882352941,0.08247422680412371,"6.9896784948453608","9",-10.957740873063953,"145",0.29896907216494845,"142",0.2927835051546392
663362,"Waldron, Matt","911","0.90287413280475718533","741",71.47380659714597,"0.22722283205268935236",0.33873144399460187,0.27552140504939626,0.145748987854251,0.11855104281009879,"7.2509721734357849","15",-5.597532534770574,"170",0.18660812294182216,"375",0.411635565312843
650633,"King, Michael","1149","0.89208074534161490683","826",71.47324442123592,"0.22715404699738903394",0.2602905569007264,0.18711923411662315,0.09322033898305085,0.0670147954743255,"7.4489477806788512","25",-24.435396326534786,"323",0.28111401218450827,"420",0.36553524804177545
668933,"Ashcraft, Graham","544","0.91275167785234899329","439",71.46594147058822,"0.21507352941176470588",0.3348519362186788,0.2702205882352941,0.13895216400911162,0.11213235294117647,"7.1190475551470588","17",-11.172660201007039,"105",0.19301470588235295,"222",0.40808823529411764
542888,"Armstrong, Shawn","481","0.93398058252427184466","372",71.46516413721416,"0.20790020790020790021",0.2849462365591398,0.2203742203742204,0.12634408602150538,0.09771309771309772,"7.0651276715176715","2",-3.770889619128286,"109",0.22661122661122662,"170",0.35343035343035345
680885,"Schwellenbach, Spencer","876","0.90965732087227414330","649",71.46043839041094,"0.20547945205479452055",0.28043143297380585,0.20776255707762556,0.1386748844375963,0.10273972602739725,"7.3872733219178082","17",-20.362004832392227,"227",0.2591324200913242,"310",0.3538812785388128
663855,"Hicks, Jordan","737","0.91552795031055900621","563",71.46015360922661,"0.20352781546811397558",0.34458259325044405,0.26322930800542743,0.1492007104795737,0.11397557666214382,"7.4689120624151967","8",-10.750797719233738,"174",0.23609226594301222,"287",0.3894165535956581
571882,"Law, Derek","581","0.92222222222222222222","419",71.45927220309814,"0.20309810671256454389",0.33651551312649164,0.24268502581755594,0.11694510739856802,0.08433734939759036,"7.4862927366609294","14",-15.91367268186468,"162",0.27882960413080893,"231",0.39759036144578314
605280,"Holmes, Clay","470","0.90909090909090909091","340",71.4544590212766,"0.22978723404255319149",0.3323529411764706,0.2404255319148936,0.12941176470588237,0.09361702127659574,"7.4730670212765957","12",-9.929263752374581,"130",0.2765957446808511,"177",0.37659574468085105
681911,"Vesia, Alex","470","0.90384615384615384615","335",71.45192255319154,"0.24893617021276595745",0.2537313432835821,0.18085106382978725,0.08358208955223881,0.059574468085106386,"7.2116408510638298","12",-24.885678351121243,"135",0.2872340425531915,"137",0.29148936170212764
544150,"Suárez, Albert","976","0.90706319702602230483","741",71.45071700819673,"0.21106557377049180328",0.3265856950067476,0.24795081967213115,0.11875843454790823,0.09016393442622951,"7.2800398360655738","10",-34.99608196820418,"235",0.24077868852459017,"369",0.3780737704918033
689225,"Brieske, Beau","537","0.93229166666666666667","416",71.44275646182497,"0.22346368715083798883",0.3076923076923077,0.2383612662942272,0.11538461538461539,0.0893854748603352,"7.4000834823091248","8",-17.366058307413386,"121",0.22532588454376165,"178",0.33147113594040967
680570,"Rodriguez, Grayson","774","0.89273356401384083045","563",71.42419009043924,"0.21834625322997416021",0.32149200710479575,0.23385012919896642,0.13143872113676733,0.09560723514211886,"7.2755216666666667","17",-18.57003371708669,"211",0.27260981912144705,"270",0.3488372093023256
676979,"Crochet, Garrett","1045","0.90163934426229508197","711",71.41301643062202,"0.20574162679425837321",0.270042194092827,0.18373205741626794,0.10970464135021098,0.07464114832535886,"7.1707535502392344","20",-22.98846409708555,"334",0.3196172248803828,"292",0.2794258373205742
700249,"Povich, Cade","579","0.91037735849056603774","452",71.41251170984464,"0.19170984455958549223",0.32079646017699115,0.2504317789291883,0.12831858407079647,0.1001727115716753,"7.3112467012089810","7",-4.981453339068159,"127",0.21934369602763384,"219",0.37823834196891193
663978,"Paddack, Chris","615","0.90441176470588235294","484",71.41100969105683,"0.23577235772357723577",0.378099173553719,0.2975609756097561,0.17768595041322313,0.13983739837398373,"7.2683712845528455","15",-2.283423925881601,"131",0.21300813008130082,"255",0.4146341463414634
660853,"De Los Santos, Enyel","491","0.91947565543071161049","345",71.40475256619139,"0.17107942973523421589",0.2985507246376812,0.20977596741344195,0.14492753623188406,0.10183299389002037,"7.3709993482688391","6",3.436818324737324,"146",0.2973523421588595,"152",0.3095723014256619
676440,"Bibee, Tanner","1322","0.90054495912806539510","980",71.40266011346452,"0.20877458396369137670",0.29489795918367345,0.21860816944024206,0.11428571428571428,0.08472012102874432,"7.2648697276853253","23",-20.852868278381337,"342",0.2586989409984871,"439",0.3320726172465961
572020,"Paxton, James","662","0.91059147180192572215","548",71.39599277945618,"0.21148036253776435045",0.35583941605839414,0.2945619335347432,0.15875912408759124,0.13141993957703926,"7.1437849244712991","14",-14.442450446453288,"114",0.17220543806646527,"269",0.40634441087613293
690986,"Harrison, Kyle","817","0.91797752808988764045","623",71.39493826193392,"0.22643818849449204406",0.3707865168539326,0.2827417380660955,0.17335473515248795,0.13219094247246022,"7.1862781762545900","9",-14.155402528233582,"194",0.23745410036719705,"321",0.3929008567931457
623352,"Hader, Josh","527","0.88571428571428571429","327",71.38588783681223,"0.19544592030360531309",0.308868501529052,0.19165085388994307,0.11314984709480122,0.07020872865275142,"7.3037751043643264","12",-5.77752047223008,"200",0.3795066413662239,"135",0.25616698292220114
663554,"Mize, Casey","771","0.90386869871043376319","604",71.37375435797658,"0.21400778210116731518",0.3758278145695364,0.29442282749675747,0.17052980132450332,0.13359273670557717,"7.2193834241245136","9",-11.47845093213041,"167",0.21660181582360571,"307",0.3981841763942931
607259,"Martinez, Nick","872","0.87903225806451612903","686",71.37223183486235,"0.21788990825688073394",0.3119533527696793,0.24541284403669725,0.11370262390670553,0.08944954128440367,"7.3733390940366972","15",-10.042088359599097,"186",0.21330275229357798,"355",0.40711009174311924
601713,"Pivetta, Nick","1017","0.90239574090505767524","781",71.36485633235004,"0.21828908554572271386",0.3047375160051216,0.23402163225172073,0.117797695262484,0.09046214355948869,"7.2709674336283186","20",-9.420850755710214,"236",0.232055063913471,"340",0.3343166175024582
656302,"Cease, Dylan","1323","0.88082556591211717710","911",71.36064972033266,"0.23053665910808767952",0.3238199780461032,0.22297808012093726,0.12403951701427003,0.0854119425547997,"7.4096970370370370","35",-39.41144486969519,"412",0.31141345427059713,"421",0.3182161753590325
596133,"Weaver, Luke","675","0.92339261285909712722","444",71.35855919999999,"0.22370370370370370370",0.3063063063063063,0.20148148148148148,0.11486486486486487,0.07555555555555556,"7.3256491555555556","12",-29.652034675105398,"231",0.3422222222222222,"192",0.28444444444444444
605483,"Snell, Blake","666","0.85714285714285714286","428",71.35250798798798,"0.22072072072072072072",0.2827102803738318,0.1816816816816817,0.0911214953271028,0.05855855855855856,"7.4380078228228228","30",-28.996312378942974,"238",0.35735735735735735,"199",0.2987987987987988
686613,"Brown, Hunter","1136","0.87789799072642967543","861",71.3389431514084,"0.21742957746478873239",0.2857142857142857,0.21654929577464788,0.09988385598141696,0.07570422535211267,"7.0221250968309859","25",-37.562266740528266,"275",0.2420774647887324,"418",0.36795774647887325
543859,"Tonkin, Michael","559","0.90306946688206785137","441",71.3368027191413,"0.17710196779964221825",0.29705215419501135,0.23434704830053668,0.10884353741496598,0.08586762075134168,"7.3300201431127013","13",-15.849867627814755,"118",0.2110912343470483,"191",0.3416815742397138
621381,"Strahm, Matt","468","0.91944990176817288802","354",71.3279322008547,"0.21153846153846153846",0.2570621468926554,0.19444444444444445,0.09322033898305085,0.07051282051282051,"7.0123789957264957","7",-19.048692968635876,"114",0.24358974358974358,"129",0.27564102564102566
621111,"Buehler, Walker","619","0.89840348330914368650","484",71.32339479806136,"0.22778675282714054927",0.3574380165289256,0.27948303715670436,0.12603305785123967,0.09854604200323101,"7.1135597092084006","7",-4.106624235105011,"135",0.21809369951534732,"257",0.41518578352180935
641755,"Kinley, Tyler","480","0.88888888888888888889","329",71.30064056249994,"0.19791666666666666667",0.26443768996960487,0.18125,0.0851063829787234,0.058333333333333334,"7.8061608541666667","16",-12.743908872793394,"151",0.3145833333333333,"151",0.3145833333333333
628317,"Maeda, Kenta","778","0.91207502930832356389","599",71.29515035989729,"0.19794344473007712082",0.327212020033389,0.2519280205655527,0.13689482470784642,0.10539845758354756,"7.5380345629820051","14",2.3749821501816344,"179",0.2300771208226221,"305",0.39203084832904883
670174,"Winckowski, Josh","490","0.90405904059040590406","400",71.28211706122445,"0.21224489795918367347",0.3575,0.29183673469387755,0.1675,0.13673469387755102,"7.0296546530612245","11",0.2526263847130814,"90",0.1836734693877551,"218",0.4448979591836735
622491,"Castillo, Luis","1194","0.91006097560975609756","897",71.25071222780578,"0.19011725293132328308",0.31995540691192864,0.2403685092127303,0.13377926421404682,0.10050251256281408,"7.2113123450586265","25",-28.097070338589635,"297",0.24874371859296482,"416",0.34840871021775544
608331,"Fried, Max","1065","0.88381742738589211618","843",71.23634338028181,"0.19154929577464788732",0.3107947805456702,0.2460093896713615,0.13404507710557534,0.10610328638497653,"7.2441807042253521","29",-33.391661811273586,"222",0.2084507042253521,"418",0.39248826291079814
554430,"Wheeler, Zack","1389","0.89555125725338491296","1021",71.22436516918643,"0.20590352771778257739",0.2615083251714006,0.19222462203023757,0.0842311459353575,0.0619150467962563,"7.1376401655867531","21",-47.53078397204835,"368",0.26493880489560834,"445",0.320374370050396
642547,"Peralta, Freddy","1250","0.90187590187590187590","886",71.21456949600005,"0.20960000000000000000",0.2799097065462754,0.1984,0.11851015801354402,0.084,"7.2512410000000000","25",-35.31893185708696,"364",0.2912,"406",0.3248
677944,"Cecconi, Slade","557","0.91311475409836065574","451",71.21251500897662,"0.20646319569120287253",0.34811529933481156,0.28186714542190305,0.13968957871396895,0.11310592459605028,"7.2262476122082585","4",11.176936302566906,"106",0.19030520646319568,"231",0.414721723518851
671922,"Smith, Cade","546","0.86529318541996830428","397",71.20914340659333,"0.18315018315018315018",0.2972292191435768,0.21611721611721613,0.12594458438287154,0.09157509157509157,"6.9859963369963370","12",-22.08149913544011,"149",0.27289377289377287,"168",0.3076923076923077
668909,"Williams, Gavin","597","0.88839285714285714286","455",71.20247003350083,"0.19765494137353433836",0.33186813186813185,0.2529313232830821,0.14945054945054945,0.11390284757118928,"7.0695021608040201","10",-13.54401440209802,"142",0.23785594639865998,"202",0.33835845896147404
650556,"Abreu, Bryan","478","0.88191881918819188192","337",71.19317811715476,"0.16945606694560669456",0.32344213649851633,0.2280334728033473,0.12759643916913946,0.0899581589958159,"7.3626251464435146","16",-15.201614752017637,"141",0.29497907949790797,"154",0.32217573221757323
656731,"Megill, Tylor","590","0.88191330343796711510","437",71.19216127118635,"0.21355932203389830508",0.30663615560640733,0.2271186440677966,0.13272311212814644,0.09830508474576272,"7.1666508983050847","17",-6.679836560972319,"153",0.2593220338983051,"199",0.33728813559322035
657746,"Ryan, Joe","915","0.91408591408591408591","680",71.18179745355187,"0.21420765027322404372",0.29411764705882354,0.2185792349726776,0.10882352941176471,0.08087431693989071,"7.1724111475409836","17",-15.910775544177886,"235",0.2568306010928962,"318",0.3475409836065574
694363,"Shuster, Jared","541","0.90771812080536912752","420",71.17899552680223,"0.19593345656192236599",0.32142857142857145,0.24953789279112754,0.11190476190476191,0.08687615526802218,"7.3863527541589649","10",-16.852551150338243,"121",0.22365988909426987,"216",0.39926062846580407
592773,"Stanek, Ryne","493","0.89636363636363636364","337",71.16324918864089,"0.17849898580121703854",0.3264094955489614,0.2231237322515213,0.09495548961424333,0.06490872210953347,"7.2846582352941176","8",-9.526763215473053,"156",0.31643002028397565,"154",0.31237322515212984
661403,"Clase, Emmanuel","539","0.89386401326699834163","403",71.15176282003712,"0.20222634508348794063",0.3002481389578164,0.22448979591836735,0.08684863523573201,0.06493506493506493,"6.9956574582560297","14",-28.052999751024945,"136",0.2523191094619666,"205",0.3803339517625232
605135,"Bassitt, Chris","1069","0.87766830870279146141","860",71.15101061739942,"0.19644527595884003742",0.3058139534883721,0.2460243217960711,0.14418604651162792,0.11599625818521983,"7.0981864639850327","14",-2.6797922101464633,"209",0.19550982226379796,"419",0.39195509822263797
663485,"Sands, Cole","508","0.91696750902527075812","382",71.1485032677165,"0.17913385826771653543",0.3036649214659686,0.2283464566929134,0.09947643979057591,0.07480314960629922,"7.2447111614173228","10",-14.516008739817659,"126",0.24803149606299213,"164",0.3228346456692913
625643,"López, Reynaldo","842","0.88167539267015706806","626",71.14502492874111,"0.19714964370546318290",0.329073482428115,0.24465558194774348,0.13099041533546327,0.09738717339667459,"7.2855245724465558","22",-40.66972484035124,"216",0.25653206650831356,"294",0.3491686460807601
656605,"Keller, Mitch","1119","0.89807383627608346709","908",71.12986447721173,"0.18498659517426273458",0.3392070484581498,0.2752457551385165,0.1288546255506608,0.10455764075067024,"7.1308886505808758","23",-16.078870385787454,"211",0.18856121537086684,"462",0.4128686327077748
669923,"Kirby, George","1319","0.89242219215155615697","1033",71.12025147839259,"0.19181197877179681577",0.3155856727976767,0.24715693707354056,0.1132623426911907,0.0887035633055345,"7.0529132676269901","36",-19.899321596917723,"286",0.2168309325246399,"501",0.379833206974981
669093,"Estrada, Jeremiah","498","0.89891696750902527076","324",71.09115837349391,"0.21485943775100401606",0.2777777777777778,0.18072289156626506,0.10185185185185185,0.06626506024096386,"7.2351817871485944","6",-10.003953563209318,"174",0.3493975903614458,"134",0.26907630522088355
640455,"Manaea, Sean","1320","0.88590604026845637584","995",71.08861565909088,"0.19393939393939393939",0.2884422110552764,0.21742424242424244,0.11758793969849246,0.08863636363636364,"7.1228762272727273","23",-45.73855253955519,"325",0.24621212121212122,"453",0.3431818181818182
666214,"Wentz, Joey","495","0.88392857142857142857","357",71.08272911111112,"0.22828282828282828283",0.33053221288515405,0.2383838383838384,0.12324929971988796,0.08888888888888889,"7.4395955555555556","12",-13.833817952464864,"138",0.2787878787878788,"171",0.34545454545454546
669373,"Skubal, Tarik","1323","0.88672922252010723861","913",71.07805820861667,"0.21012849584278155707",0.3044906900328587,0.21012849584278157,0.11610076670317634,0.0801209372637944,"7.2407497505668934","21",-44.864575530311534,"410",0.30990173847316704,"452",0.3416477702191988
669194,"Nelson, Ryne","1041","0.88822525597269624573","867",71.06576741594614,"0.20365033621517771374",0.328719723183391,0.2737752161383285,0.14071510957324107,0.11719500480307397,"7.0141097214217099","18",-14.85350279079579,"174",0.16714697406340057,"406",0.3900096061479347
806185,"Birdsong, Hayden","502","0.88070175438596491228","357",71.05726145418328,"0.21912350597609561753",0.36694677871148457,0.26095617529880477,0.17366946778711484,0.12350597609561753,"7.3296465936254980","10",-14.118252923017529,"145",0.28884462151394424,"160",0.3187250996015936
693433,"Woo, Bryan","806","0.90868094701240135287","618",71.05448841191071,"0.17121588089330024814",0.36245954692556637,0.27791563275434245,0.11974110032362459,0.09181141439205956,"6.9852677667493797","12",-21.26959387263282,"188",0.23325062034739455,"330",0.4094292803970223
608379,"Wacha, Michael","1110","0.89371980676328502415","867",71.0495885495496,"0.19639639639639639640",0.3333333333333333,0.26036036036036037,0.12918108419838523,0.1009009009009009,"7.3377706126126126","18",-30.54061327328767,"243",0.21891891891891893,"452",0.4072072072072072
670970,"Morejon, Adrian","481","0.89906542056074766355","357",71.04592112266111,"0.18918918918918918919",0.28851540616246496,0.21413721413721415,0.10084033613445378,0.07484407484407485,"7.2040291060291060","11",-11.690265379964812,"124",0.2577962577962578,"169",0.35135135135135137
434378,"Verlander, Justin","674","0.89986648865153538051","536",71.00253725519289,"0.18249258160237388724",0.32649253731343286,0.2596439169139466,0.10634328358208955,0.08456973293768547,"7.3153940356083086","6",-9.841079319469504,"138",0.20474777448071216,"260",0.3857566765578635
663423,"Thornton, Trent","474","0.87453874538745387454","364",70.98303430379744,"0.16244725738396624473",0.3131868131868132,0.24050632911392406,0.11538461538461539,0.08860759493670886,"7.2645390717299578","19",-1.478103337211786,"110",0.2320675105485232,"172",0.3628691983122363
647336,"Soroka, Michael","524","0.92253521126760563380","405",70.95532414122138,"0.19656488549618320611",0.26666666666666666,0.20610687022900764,0.1259259259259259,0.09732824427480916,"7.2553623854961832","8",-13.625668670762288,"119",0.22709923664122136,"179",0.3416030534351145
640462,"Puk, A.J.","473","0.88081936685288640596","338",70.95128604651168,"0.20295983086680761099",0.2869822485207101,0.20507399577167018,0.08284023668639054,0.05919661733615222,"7.3227829175475687","14",-13.987471890821862,"135",0.2854122621564482,"154",0.32558139534883723
642232,"Yarbrough, Ryan","534","0.89000000000000000000","419",70.9017451872659,"0.18726591760299625468",0.33651551312649164,0.2640449438202247,0.1288782816229117,0.10112359550561797,"7.2951463857677903","6",-29.75063397565898,"115",0.2153558052434457,"221",0.41385767790262173
694973,"Skenes, Paul","923","0.88494726749760306807","670",70.89714201516783,"0.20043336944745395450",0.2746268656716418,0.19934994582881907,0.09253731343283582,0.06717226435536294,"7.3490004225352113","19",-36.16681867802708,"253",0.27410617551462624,"279",0.30227518959913324
621383,"Banks, Tanner","476","0.88148148148148148148","361",70.81752934873951,"0.18067226890756302521",0.3490304709141274,0.2647058823529412,0.12742382271468145,0.09663865546218488,"7.0249309453781513","10",-1.353540481695016,"115",0.2415966386554622,"185",0.38865546218487396
663158,"Suarez, Robert","495","0.91836734693877551020","374",70.76158888888887,"0.16767676767676767677",0.2994652406417112,0.22626262626262628,0.09090909090909091,0.06868686868686869,"7.0012787474747475","4",-17.896472145214464,"121",0.24444444444444444,"171",0.34545454545454546
669211,"Akin, Keegan","503","0.90467625899280575540","363",70.75181964214707,"0.16699801192842942346",0.3140495867768595,0.22664015904572565,0.11019283746556474,0.07952286282306163,"7.1834281113320080","8",-7.9209789036320615,"140",0.2783300198807157,"172",0.341948310139165
642701,"Santana, Dennis","501","0.90596745027124773960","361",70.70862105788422,"0.16167664670658682635",0.31301939058171746,0.22554890219560877,0.09418282548476455,0.06786427145708583,"7.5090239121756487","7",-15.488601045657987,"140",0.27944111776447106,"179",0.35728542914171657
657612,"Hill, Tim","469","0.88157894736842105263","410",70.68594191897657,"0.16204690831556503198",0.36097560975609755,0.31556503198294245,0.14634146341463414,0.1279317697228145,"6.8689960767590618","4",-14.564873394411219,"58",0.12366737739872068,"221",0.47121535181236673
519242,"Sale, Chris","1064","0.84848484848484848485","755",70.6270460714285,"0.17105263157894736842",0.2913907284768212,0.20676691729323307,0.10331125827814569,0.07330827067669173,"7.4449187406015038","26",-34.76123438335988,"309",0.29041353383458646,"354",0.33270676691729323
656464,"Ginkel, Kevin","473","0.88081936685288640596","363",70.59827209302331,"0.18181818181818181818",0.3278236914600551,0.25158562367864695,0.12947658402203857,0.09936575052854123,"7.1430819661733615","16",-13.812044377833123,"110",0.23255813953488372,"174",0.3678646934460888
676684,"Vest, Will","524","0.89726027397260273973","405",70.48179895038172,"0.15458015267175572519",0.32839506172839505,0.2538167938931298,0.10864197530864197,0.08396946564885496,"6.9029382824427481","5",-17.75439305360515,"119",0.22709923664122136,"192",0.366412213740458