"last_name, first_name","player_id","year","pa","bip","ba","est_ba","est_ba_minus_ba_diff","slg","est_slg","est_slg_minus_slg_diff","woba","est_woba","est_woba_minus_woba_diff","era","xera","era_minus_xera_diff"
"Webb, Logan","657277","2024","841","617",0.258,0.272,-0.014000000000000012,0.355,0.412,-0.056999999999999995,0.288,0.32,-0.03200000000000003,"3.47","4.31","-0.836"
"Lugo, Seth","607625","2024","836","598",0.229,0.243,-0.013999999999999985,0.353,0.389,-0.03600000000000003,0.278,0.3,-0.021999999999999964,"3.00","3.75","-0.745"
"Nola, Aaron","605400","2024","820","570",0.247,0.244,0.0030000000000000027,0.421,0.388,0.032999999999999974,0.31,0.299,0.01100000000000001,"3.57","3.72","-0.153"
"Gilbert, Logan","669302","2024","803","542",0.196,0.224,-0.027999999999999997,0.353,0.369,-0.016000000000000014,0.255,0.276,-0.02100000000000002,"3.23","3.14","0.095"
"Wheeler, Zack","554430","2024","787","503",0.192,0.197,-0.0050000000000000044,0.328,0.328,0,0.256,0.261,-0.0050000000000000044,"2.56","2.80","-0.235"
"Berríos, José","621244","2024","786","565",0.235,0.265,-0.030000000000000027,0.406,0.44,-0.033999999999999975,0.308,0.334,-0.026000000000000023,"3.60","4.74","-1.137"
"Burnes, Corbin","669203","2024","784","553",0.226,0.231,-0.0050000000000000044,0.347,0.367,-0.020000000000000018,0.273,0.284,-0.010999999999999954,"2.92","3.34","-0.422"
"Kirby, George","669923","2024","778","568",0.245,0.236,0.009000000000000008,0.393,0.396,-0.0030000000000000027,0.287,0.288,-0.0010000000000000009,"3.53","3.44","0.094"
"Keller, Mitch","656605","2024","773","540",0.261,0.249,0.01200000000000001,0.446,0.409,0.03700000000000003,0.331,0.32,0.01100000000000001,"4.25","4.31","-0.063"
"López, Pablo","641154","2024","772","523",0.252,0.239,0.013000000000000012,0.407,0.389,0.01799999999999996,0.306,0.297,0.009000000000000008,"4.08","3.67","0.409"
"Irvin, Jake","663623","2024","769","557",0.244,0.253,-0.009000000000000008,0.428,0.43,-0.0020000000000000018,0.314,0.32,-0.006000000000000005,"4.41","4.31","0.102"
"Anderson, Tyler","542881","2024","765","543",0.232,0.245,-0.012999999999999984,0.394,0.413,-0.01899999999999996,0.308,0.322,-0.014000000000000012,"3.81","4.37","-0.556"
"Corbin, Patrick","571578","2024","764","568",0.298,0.295,0.0030000000000000027,0.486,0.473,0.013000000000000012,0.357,0.357,0,"5.62","5.53","0.086"
"Cease, Dylan","656302","2024","762","469",0.2,0.21,-0.009999999999999981,0.332,0.358,-0.025999999999999968,0.266,0.283,-0.01699999999999996,"3.47","3.31","0.16"
"Singer, Brady","663903","2024","762","528",0.253,0.267,-0.014000000000000012,0.405,0.426,-0.020999999999999963,0.316,0.331,-0.015000000000000013,"3.71","4.65","-0.943"
"Ragans, Cole","666142","2024","762","466",0.213,0.216,-0.0030000000000000027,0.334,0.34,-0.006000000000000005,0.277,0.283,-0.00599999999999995,"3.14","3.31","-0.17"
"Severino, Luis","622663","2024","761","527",0.243,0.24,0.0030000000000000027,0.383,0.376,0.007000000000000006,0.308,0.305,0.0030000000000000027,"3.91","3.88","0.027"
"Pfaadt, Brandon","694297","2024","760","528",0.259,0.246,0.013000000000000012,0.421,0.397,0.023999999999999966,0.312,0.301,0.01100000000000001,"4.71","3.78","0.926"
"Crawford, Kutter","676710","2024","759","524",0.223,0.224,-0.0010000000000000009,0.419,0.412,0.007000000000000006,0.304,0.304,0,"4.36","3.86","0.501"
"Bassitt, Chris","605135","2024","758","504",0.27,0.256,0.014000000000000012,0.397,0.399,-0.0020000000000000018,0.331,0.327,0.0040000000000000036,"4.16","4.52","-0.362"
"Sears, JP","676664","2024","758","557",0.251,0.243,0.008000000000000007,0.439,0.442,-0.0030000000000000027,0.324,0.324,0,"4.38","4.43","-0.046"
"Gausman, Kevin","592332","2024","756","535",0.238,0.257,-0.019000000000000017,0.392,0.449,-0.056999999999999995,0.3,0.333,-0.03300000000000003,"3.83","4.71","-0.881"
"Sánchez, Cristopher","650911","2024","754","557",0.258,0.258,0,0.358,0.363,-0.0050000000000000044,0.29,0.293,-0.0030000000000000027,"3.32","3.56","-0.241"
"Skubal, Tarik","669373","2024","753","481",0.201,0.208,-0.0069999999999999785,0.311,0.328,-0.017000000000000015,0.246,0.257,-0.01100000000000001,"2.39","2.72","-0.329"
"Houck, Tanner","656557","2024","743","524",0.231,0.257,-0.025999999999999995,0.32,0.384,-0.064,0.276,0.313,-0.03699999999999998,"3.12","4.11","-0.987"
"Canning, Griffin","656288","2024","739","537",0.265,0.259,0.006000000000000005,0.459,0.437,0.02200000000000002,0.341,0.334,0.007000000000000006,"5.19","4.74","0.45"
"Manaea, Sean","640455","2024","738","481",0.202,0.227,-0.024999999999999994,0.338,0.374,-0.035999999999999976,0.275,0.3,-0.024999999999999967,"3.47","3.75","-0.282"
"Kikuchi, Yusei","579328","2024","736","484",0.245,0.239,0.006000000000000005,0.391,0.396,-0.0050000000000000044,0.297,0.298,-0.0010000000000000009,"4.05","3.70","0.347"
"Rodón, Carlos","607074","2024","736","474",0.235,0.227,0.00799999999999998,0.435,0.421,0.014000000000000012,0.32,0.314,0.006000000000000005,"3.96","4.14","-0.18"
"Gore, MacKenzie","669022","2024","731","473",0.263,0.252,0.01100000000000001,0.398,0.378,0.020000000000000018,0.324,0.316,0.008000000000000007,"3.90","4.20","-0.304"
"Fedde, Erick","607200","2024","726","515",0.233,0.245,-0.011999999999999983,0.381,0.394,-0.013000000000000012,0.293,0.306,-0.013000000000000012,"3.30","3.91","-0.611"
"King, Michael","650633","2024","726","455",0.221,0.226,-0.0050000000000000044,0.346,0.36,-0.014000000000000012,0.284,0.294,-0.010000000000000009,"2.95","3.59","-0.636"
"Peralta, Freddy","642547","2024","725","447",0.224,0.224,0,0.387,0.377,0.010000000000000009,0.305,0.305,0,"3.68","3.88","-0.201"
"Gibson, Kyle","502043","2024","722","499",0.251,0.263,-0.01200000000000001,0.418,0.428,-0.010000000000000009,0.323,0.338,-0.015000000000000013,"4.24","4.87","-0.626"
"Mikolas, Miles","571945","2024","720","567",0.284,0.278,0.00599999999999995,0.485,0.459,0.025999999999999968,0.339,0.331,0.008000000000000007,"5.35","4.65","0.698"
"Castillo, Luis","622491","2024","719","492",0.238,0.244,-0.006000000000000005,0.412,0.404,0.007999999999999952,0.305,0.306,-0.0010000000000000009,"3.64","3.91","-0.266"
"Quintana, Jose","500779","2024","717","508",0.237,0.257,-0.020000000000000018,0.396,0.407,-0.010999999999999954,0.312,0.327,-0.015000000000000013,"3.75","4.52","-0.769"
"Fried, Max","608331","2024","714","483",0.226,0.245,-0.01899999999999999,0.315,0.358,-0.04299999999999998,0.273,0.299,-0.025999999999999968,"3.25","3.72","-0.468"
"Rea, Colin","607067","2024","714","526",0.258,0.272,-0.014000000000000012,0.447,0.452,-0.0050000000000000044,0.327,0.339,-0.01200000000000001,"4.29","4.91","-0.616"
"Brown, Hunter","686613","2024","712","468",0.242,0.225,0.016999999999999987,0.357,0.333,0.023999999999999966,0.296,0.283,0.013000000000000012,"3.49","3.31","0.184"
"Bibee, Tanner","676440","2024","710","471",0.23,0.237,-0.0069999999999999785,0.406,0.393,0.013000000000000012,0.299,0.301,-0.0020000000000000018,"3.47","3.78","-0.308"
"Cortes, Nestor","641482","2024","710","505",0.245,0.236,0.009000000000000008,0.421,0.396,0.024999999999999967,0.307,0.295,0.01200000000000001,"3.77","3.62","0.149"
"Ober, Bailey","641927","2024","709","469",0.208,0.209,-0.0010000000000000009,0.391,0.371,0.020000000000000018,0.282,0.279,0.002999999999999947,"3.98","3.22","0.759"
"Flexen, Chris","623167","2024","707","519",0.283,0.258,0.024999999999999967,0.476,0.437,0.03899999999999998,0.355,0.333,0.021999999999999964,"4.95","4.71","0.24"
"Miller, Bryce","682243","2024","704","485",0.2,0.229,-0.028999999999999998,0.338,0.405,-0.067,0.26,0.299,-0.03899999999999998,"2.94","3.72","-0.775"
"Valdez, Framber","664285","2024","703","473",0.221,0.234,-0.013000000000000012,0.323,0.34,-0.017000000000000015,0.272,0.287,-0.014999999999999958,"2.91","3.41","-0.501"
"Bello, Brayan","678394","2024","702","474",0.252,0.256,-0.0040000000000000036,0.394,0.4,-0.006000000000000005,0.319,0.328,-0.009000000000000008,"4.49","4.56","-0.069"
"Sale, Chris","519242","2024","702","430",0.216,0.213,0.0030000000000000027,0.319,0.317,0.0020000000000000018,0.26,0.261,-0.0010000000000000009,"2.38","2.80","-0.419"
"Morton, Charlie","450203","2024","701","451",0.251,0.243,0.008000000000000007,0.427,0.402,0.024999999999999967,0.335,0.326,0.009000000000000008,"4.19","4.49","-0.298"
"Gomber, Austin","596295","2024","696","541",0.273,0.278,-0.0050000000000000044,0.482,0.482,0,0.339,0.344,-0.004999999999999949,"4.75","5.07","-0.325"
"Eovaldi, Nathan","543135","2024","696","481",0.229,0.246,-0.016999999999999987,0.386,0.391,-0.0050000000000000044,0.291,0.306,-0.015000000000000013,"3.80","3.91","-0.113"
"Imanaga, Shota","684007","2024","694","489",0.225,0.234,-0.009000000000000008,0.385,0.39,-0.0050000000000000044,0.279,0.286,-0.006999999999999951,"2.91","3.39","-0.482"
"Heaney, Andrew","571760","2024","693","481",0.251,0.253,-0.0020000000000000018,0.41,0.433,-0.02300000000000002,0.312,0.325,-0.013000000000000012,"4.28","4.46","-0.185"
"Feltner, Ryan","663372","2024","692","495",0.263,0.255,0.008000000000000007,0.408,0.41,-0.0020000000000000018,0.32,0.32,0,"4.49","4.31","0.181"
"Civale, Aaron","650644","2024","689","482",0.252,0.243,0.009000000000000008,0.44,0.394,0.045999999999999985,0.327,0.309,0.018000000000000016,"4.36","4.00","0.36"
"Wacha, Michael","608379","2024","685","489",0.246,0.252,-0.006000000000000005,0.387,0.405,-0.018000000000000016,0.3,0.311,-0.01100000000000001,"3.35","4.05","-0.702"
"Eflin, Zach","621107","2024","684","523",0.254,0.249,0.0050000000000000044,0.404,0.405,-0.0010000000000000009,0.297,0.297,0,"3.59","3.67","-0.077"
"Blanco, Ronel","669854","2024","676","439",0.19,0.226,-0.036000000000000004,0.354,0.391,-0.03700000000000003,0.276,0.309,-0.032999999999999974,"2.80","4.00","-1.203"
"Stroman, Marcus","573186","2024","675","493",0.277,0.271,0.006000000000000005,0.431,0.43,0.0010000000000000009,0.341,0.34,0.0010000000000000009,"4.31","4.94","-0.634"
"Taillon, Jameson","592791","2024","675","515",0.243,0.256,-0.013000000000000012,0.387,0.419,-0.03199999999999997,0.289,0.311,-0.02200000000000002,"3.27","4.05","-0.784"
"Gray, Sonny","543243","2024","671","425",0.228,0.237,-0.00899999999999998,0.401,0.394,0.007000000000000006,0.292,0.297,-0.0050000000000000044,"3.84","3.67","0.172"
"Quantrill, Cal","615698","2024","656","466",0.273,0.274,-0.0010000000000000009,0.461,0.435,0.026000000000000023,0.358,0.351,0.007000000000000006,"4.97","5.31","-0.335"
"Littell, Zack","641793","2024","656","478",0.265,0.263,0.0020000000000000018,0.426,0.436,-0.010000000000000009,0.317,0.321,-0.0040000000000000036,"3.63","4.34","-0.713"
"Montas, Frankie","593423","2024","655","434",0.243,0.247,-0.0040000000000000036,0.42,0.428,-0.008000000000000007,0.325,0.333,-0.008000000000000007,"4.84","4.71","0.128"
"Spence, Mitch","687765","2024","651","475",0.276,0.251,0.025000000000000022,0.455,0.409,0.04600000000000004,0.34,0.314,0.026000000000000023,"4.58","4.14","0.439"
"Flaherty, Jack","656427","2024","649","413",0.223,0.233,-0.010000000000000009,0.388,0.38,0.008000000000000007,0.288,0.292,-0.0040000000000000036,"3.17","3.54","-0.373"
"Parker, Mitchell","680730","2024","646","468",0.259,0.256,0.0030000000000000027,0.408,0.434,-0.026000000000000023,0.311,0.322,-0.01100000000000001,"4.29","4.37","-0.079"
"Assad, Javier","665871","2024","638","445",0.254,0.261,-0.007000000000000006,0.422,0.436,-0.014000000000000012,0.33,0.341,-0.01100000000000001,"3.73","4.97","-1.235"
"Gil, Luis","661563","2024","637","380",0.189,0.208,-0.01899999999999999,0.345,0.356,-0.01100000000000001,0.288,0.302,-0.014000000000000012,"3.50","3.80","-0.299"
"Lively, Ben","594902","2024","632","460",0.241,0.24,0.0010000000000000009,0.419,0.4,0.01899999999999996,0.315,0.309,0.006000000000000005,"3.81","4.00","-0.185"
"Arrighetti, Spencer","681293","2024","632","389",0.25,0.229,0.02099999999999999,0.424,0.384,0.03999999999999998,0.332,0.311,0.02100000000000002,"4.53","4.05","0.481"
"Nelson, Ryne","669194","2024","630","464",0.266,0.267,-0.0010000000000000009,0.446,0.413,0.03300000000000003,0.322,0.315,0.007000000000000006,"4.24","4.17","0.071"
"Suárez, Ranger","624133","2024","626","434",0.243,0.25,-0.007000000000000006,0.379,0.365,0.014000000000000012,0.297,0.297,0,"3.46","3.67","-0.205"
"Waldron, Matt","663362","2024","625","440",0.255,0.246,0.009000000000000008,0.43,0.406,0.023999999999999966,0.323,0.313,0.010000000000000009,"4.91","4.11","0.799"
"Gallen, Zac","668678","2024","621","407",0.237,0.246,-0.009000000000000008,0.376,0.379,-0.0030000000000000027,0.301,0.308,-0.007000000000000006,"3.65","3.97","-0.321"
"Greene, Hunter","668881","2024","611","366",0.183,0.188,-0.0050000000000000044,0.298,0.302,-0.0040000000000000036,0.265,0.271,-0.006000000000000005,"2.75","3.03","-0.276"
"Crochet, Garrett","676979","2024","595","348",0.222,0.204,0.018000000000000016,0.371,0.341,0.02999999999999997,0.28,0.263,0.017000000000000015,"3.58","2.85","0.725"
"Pivetta, Nick","601713","2024","595","386",0.231,0.221,0.010000000000000009,0.439,0.407,0.03200000000000003,0.306,0.291,0.015000000000000013,"4.14","3.51","0.63"
"Pérez, Martín","527048","2024","590","429",0.283,0.277,0.00599999999999995,0.46,0.468,-0.008000000000000007,0.351,0.353,-0.0020000000000000018,"4.53","5.38","-0.847"
"Falter, Bailey","663559","2024","589","445",0.26,0.267,-0.007000000000000006,0.424,0.45,-0.026000000000000023,0.32,0.336,-0.016000000000000014,"4.43","4.81","-0.384"
"Abbott, Andrew","671096","2024","586","418",0.24,0.235,0.0050000000000000044,0.439,0.403,0.035999999999999976,0.323,0.31,0.013000000000000012,"3.72","4.02","-0.303"
"Stone, Gavin","694813","2024","580","425",0.248,0.254,-0.006000000000000005,0.402,0.396,0.006000000000000005,0.304,0.307,-0.0030000000000000027,"3.53","3.94","-0.413"
"Bradley, Taj","671737","2024","578","373",0.235,0.231,0.003999999999999976,0.408,0.418,-0.010000000000000009,0.308,0.315,-0.007000000000000006,"4.11","4.17","-0.061"
"Martinez, Nick","607259","2024","570","430",0.237,0.242,-0.0050000000000000044,0.377,0.365,0.01200000000000001,0.279,0.278,0.0010000000000000009,"3.10","3.19","-0.092"
"Myers, Tobias","668964","2024","569","401",0.242,0.251,-0.009000000000000008,0.387,0.419,-0.03199999999999997,0.297,0.317,-0.020000000000000018,"3.00","4.22","-1.22"
"Woods Richardson, Simeon","680573","2024","569","401",0.246,0.239,0.007000000000000006,0.385,0.395,-0.010000000000000009,0.305,0.311,-0.006000000000000005,"4.17","4.05","0.125"
"Hendricks, Kyle","543294","2024","567","434",0.286,0.276,0.009999999999999953,0.442,0.426,0.016000000000000014,0.339,0.336,0.0030000000000000027,"5.92","4.81","1.113"
"Suárez, Albert","544150","2024","565","411",0.255,0.243,0.01200000000000001,0.425,0.406,0.01899999999999996,0.32,0.311,0.009000000000000008,"3.70","4.05","-0.347"
"Rogers, Trevor","669432","2024","562","405",0.285,0.275,0.009999999999999953,0.458,0.436,0.02200000000000002,0.35,0.347,0.0030000000000000027,"4.92","5.18","-0.258"
"Ortiz, Luis L.","682847","2024","556","398",0.218,0.24,-0.021999999999999992,0.372,0.425,-0.05299999999999999,0.287,0.32,-0.03300000000000003,"3.32","4.31","-0.993"
"Steele, Justin","657006","2024","555","379",0.219,0.212,0.007000000000000006,0.336,0.303,0.03300000000000003,0.271,0.258,0.013000000000000012,"3.07","2.74","0.334"
"Kremer, Dean","665152","2024","553","376",0.223,0.239,-0.015999999999999986,0.371,0.423,-0.05199999999999999,0.294,0.326,-0.03200000000000003,"4.09","4.49","-0.395"
"Marsh, Alec","679525","2024","548","374",0.249,0.264,-0.015000000000000013,0.434,0.453,-0.019000000000000017,0.325,0.341,-0.016000000000000014,"4.54","4.97","-0.435"
"Estes, Joey","683155","2024","543","414",0.259,0.245,0.014000000000000012,0.473,0.453,0.019999999999999962,0.333,0.324,0.009000000000000008,"5.00","4.43","0.575"
"López, Reynaldo","625643","2024","543","351",0.22,0.242,-0.021999999999999992,0.333,0.394,-0.061,0.271,0.307,-0.035999999999999976,"1.99","3.94","-1.95"
"Pepiot, Ryan","686752","2024","539","341",0.212,0.216,-0.0040000000000000036,0.364,0.372,-0.008000000000000007,0.29,0.296,-0.006000000000000005,"3.60","3.64","-0.04"
"Ryan, Joe","657746","2024","538","363",0.217,0.208,0.009000000000000008,0.4,0.352,0.04800000000000004,0.282,0.264,0.01799999999999996,"3.60","2.87","0.73"
"Lorenzen, Michael","547179","2024","535","373",0.216,0.243,-0.026999999999999996,0.372,0.413,-0.04099999999999998,0.303,0.329,-0.026000000000000023,"3.31","4.59","-1.275"
"Montgomery, Jordan","656756","2024","532","402",0.312,0.287,0.025000000000000022,0.496,0.443,0.05299999999999999,0.37,0.347,0.02300000000000002,"6.23","5.18","1.051"
"Harrison, Kyle","690986","2024","532","365",0.263,0.257,0.006000000000000005,0.433,0.437,-0.0040000000000000036,0.33,0.338,-0.008000000000000007,"4.56","4.87","-0.31"
"Glasnow, Tyler","607192","2024","522","317",0.19,0.195,-0.0050000000000000044,0.347,0.324,0.022999999999999965,0.258,0.254,0.0040000000000000036,"3.49","2.65","0.843"
"Cannon, Jonathan","686563","2024","522","386",0.263,0.258,0.0050000000000000044,0.44,0.411,0.029000000000000026,0.332,0.322,0.010000000000000009,"4.49","4.37","0.118"
"Skenes, Paul","694973","2024","514","306",0.198,0.193,0.0050000000000000044,0.295,0.297,-0.0020000000000000018,0.247,0.248,-0.0010000000000000009,"1.96","2.53","-0.568"
"Lynn, Lance","458681","2024","511","354",0.247,0.262,-0.015000000000000013,0.402,0.453,-0.05099999999999999,0.314,0.34,-0.026000000000000023,"3.83","4.94","-1.105"
"Peterson, David","656849","2024","510","356",0.243,0.261,-0.018000000000000016,0.349,0.397,-0.04800000000000004,0.299,0.329,-0.030000000000000027,"2.90","4.59","-1.689"
"Pallante, Andre","669467","2024","509","365",0.24,0.232,0.00799999999999998,0.338,0.328,0.010000000000000009,0.293,0.289,0.0040000000000000036,"3.78","3.46","0.323"
"Jones, Jared","683003","2024","504","328",0.232,0.234,-0.0020000000000000018,0.432,0.404,0.02799999999999997,0.314,0.311,0.0030000000000000027,"4.14","4.05","0.092"
"Schwellenbach, Spencer","680885","2024","500","344",0.226,0.239,-0.012999999999999984,0.391,0.375,0.016000000000000014,0.286,0.288,-0.0020000000000000018,"3.35","3.44","-0.092"
"Lodolo, Nick","666157","2024","493","316",0.231,0.226,0.0050000000000000044,0.38,0.356,0.02400000000000002,0.309,0.299,0.010000000000000009,"4.76","3.72","1.04"
"Irvin, Cole","608344","2024","492","379",0.293,0.291,0.0020000000000000018,0.498,0.509,-0.01100000000000001,0.357,0.364,-0.007000000000000006,"5.11","5.78","-0.672"
"Rodriguez, Grayson","680570","2024","491","320",0.243,0.231,0.011999999999999983,0.405,0.387,0.018000000000000016,0.31,0.299,0.01100000000000001,"3.86","3.72","0.137"
"Freeland, Kyle","607536","2024","490","378",0.291,0.279,0.011999999999999955,0.507,0.481,0.026000000000000023,0.357,0.345,0.01200000000000001,"5.24","5.11","0.131"
"Maeda, Kenta","628317","2024","485","352",0.281,0.257,0.02400000000000002,0.491,0.426,0.065,0.351,0.324,0.02699999999999997,"6.09","4.43","1.659"
"Hicks, Jordan","663855","2024","481","329",0.265,0.258,0.007000000000000006,0.414,0.423,-0.009000000000000008,0.336,0.339,-0.0030000000000000027,"4.10","4.91","-0.807"
"Woo, Bryan","693433","2024","472","355",0.211,0.22,-0.009000000000000008,0.337,0.339,-0.0020000000000000018,0.249,0.257,-0.008000000000000007,"2.89","2.72","0.173"
"Soriano, José","667755","2024","468","316",0.224,0.242,-0.017999999999999988,0.329,0.369,-0.03999999999999998,0.287,0.314,-0.027000000000000024,"3.42","4.14","-0.715"
"Olson, Reese","681857","2024","465","327",0.238,0.247,-0.009000000000000008,0.347,0.359,-0.01200000000000001,0.282,0.296,-0.014000000000000012,"3.52","3.64","-0.115"
"Ureña, José","570632","2024","463","350",0.254,0.26,-0.006000000000000005,0.399,0.411,-0.011999999999999955,0.314,0.324,-0.010000000000000009,"3.80","4.43","-0.632"
"Alexander, Tyler","641302","2024","455","336",0.263,0.259,0.0040000000000000036,0.48,0.464,0.01599999999999996,0.335,0.332,0.0030000000000000027,"5.10","4.68","0.419"
"Mize, Casey","663554","2024","452","343",0.29,0.286,0.0040000000000000036,0.436,0.431,0.0050000000000000044,0.335,0.334,0.0010000000000000009,"4.49","4.74","-0.255"
"Carrasco, Carlos","471911","2024","447","320",0.276,0.26,0.016000000000000014,0.505,0.436,0.069,0.36,0.333,0.02699999999999997,"5.64","4.71","0.933"
"Wilson, Bryse","669060","2024","442","325",0.252,0.279,-0.027000000000000024,0.432,0.477,-0.044999999999999984,0.323,0.352,-0.02899999999999997,"4.04","5.35","-1.309"
"Gray, Jon","592351","2024","439","325",0.262,0.276,-0.014000000000000012,0.404,0.441,-0.03699999999999998,0.309,0.331,-0.02200000000000002,"4.47","4.65","-0.179"
"Paxton, James","572020","2024","437","313",0.251,0.255,-0.0040000000000000036,0.404,0.403,0.0010000000000000009,0.324,0.334,-0.010000000000000009,"4.39","4.74","-0.345"
"Allen, Logan","671106","2024","432","308",0.295,0.276,0.01899999999999996,0.551,0.496,0.05500000000000005,0.39,0.367,0.02300000000000002,"5.73","5.90","-0.167"
"Vásquez, Randy","681190","2024","431","333",0.304,0.306,-0.0020000000000000018,0.473,0.487,-0.014000000000000012,0.36,0.368,-0.008000000000000007,"4.87","5.94","-1.073"
"Criswell, Cooper","681867","2024","424","313",0.273,0.262,0.01100000000000001,0.422,0.398,0.023999999999999966,0.327,0.32,0.007000000000000006,"4.08","4.31","-0.233"
"Dunning, Dane","641540","2024","421","284",0.26,0.262,-0.0020000000000000018,0.461,0.469,-0.007999999999999952,0.347,0.35,-0.0030000000000000027,"5.30","5.28","0.025"
"Snell, Blake","605483","2024","418","228",0.174,0.178,-0.0040000000000000036,0.263,0.278,-0.015000000000000013,0.241,0.25,-0.009000000000000008,"3.12","2.57","0.545"
"Cabrera, Edward","665795","2024","417","256",0.227,0.243,-0.015999999999999986,0.391,0.419,-0.02799999999999997,0.317,0.335,-0.018000000000000016,"4.95","4.78","0.172"
"Montero, Keider","672456","2024","412","301",0.265,0.284,-0.01899999999999996,0.463,0.457,0.006000000000000005,0.341,0.349,-0.007999999999999952,"4.76","5.24","-0.481"
"Musgrove, Joe","605397","2024","410","276",0.251,0.248,0.0030000000000000027,0.419,0.422,-0.0030000000000000027,0.317,0.321,-0.0040000000000000036,"3.88","4.34","-0.457"
"Spiers, Carson","686730","2024","410","298",0.297,0.257,0.03999999999999998,0.536,0.465,0.07100000000000001,0.379,0.337,0.04199999999999998,"5.46","4.84","0.62"
"Francis, Bowden","670102","2024","408","287",0.196,0.219,-0.022999999999999993,0.371,0.379,-0.008000000000000007,0.272,0.286,-0.013999999999999957,"3.30","3.39","-0.091"
"Hudson, Dakota","641712","2024","404","300",0.286,0.291,-0.0050000000000000044,0.436,0.45,-0.014000000000000012,0.36,0.37,-0.010000000000000009,"6.17","6.01","0.159"
"Yarbrough, Ryan","642232","2024","398","289",0.201,0.245,-0.043999999999999984,0.325,0.384,-0.059,0.273,0.316,-0.04299999999999998,"3.19","4.20","-1.007"
"Verlander, Justin","434378","2024","396","289",0.274,0.234,0.04000000000000001,0.45,0.389,0.061,0.337,0.301,0.03600000000000003,"5.48","3.78","1.7"
"Detmers, Reid","672282","2024","391","242",0.282,0.23,0.05199999999999996,0.511,0.404,0.10699999999999998,0.37,0.314,0.055999999999999994,"6.70","4.14","2.558"
"Cole, Gerrit","543037","2024","390","256",0.22,0.226,-0.006000000000000005,0.358,0.376,-0.018000000000000016,0.286,0.296,-0.010000000000000009,"3.41","3.64","-0.229"
"Paddack, Chris","663978","2024","384","283",0.283,0.272,0.010999999999999954,0.444,0.464,-0.020000000000000018,0.332,0.337,-0.0050000000000000044,"4.99","4.84","0.152"
"Herz, DJ","687792","2024","382","236",0.224,0.208,0.016000000000000014,0.359,0.34,0.01899999999999996,0.294,0.281,0.012999999999999956,"4.16","3.26","0.902"
"Walker, Taijuan","592836","2024","381","283",0.317,0.295,0.02200000000000002,0.589,0.553,0.03599999999999992,0.413,0.396,0.01699999999999996,"7.10","7.09","0.01"
"Stripling, Ross","548389","2024","381","309",0.309,0.293,0.016000000000000014,0.453,0.437,0.016000000000000014,0.344,0.334,0.009999999999999953,"6.01","4.74","1.272"
"Muñoz, Roddery","682610","2024","379","262",0.272,0.279,-0.007000000000000006,0.575,0.542,0.03299999999999992,0.393,0.39,0.0030000000000000027,"6.53","6.83","-0.298"
"Fulmer, Carson","608334","2024","379","252",0.246,0.249,-0.0030000000000000027,0.419,0.433,-0.014000000000000012,0.326,0.334,-0.008000000000000007,"4.15","4.74","-0.586"
"Yamamoto, Yoshinobu","808967","2024","368","240",0.229,0.237,-0.00799999999999998,0.365,0.356,0.009000000000000008,0.278,0.288,-0.009999999999999953,"3.00","3.44","-0.44"
"Rodríguez, Yariel","684320","2024","368","239",0.229,0.23,-0.0010000000000000009,0.387,0.371,0.016000000000000014,0.312,0.309,0.0030000000000000027,"4.46","4.00","0.465"
"Weathers, Ryan","677960","2024","367","254",0.236,0.244,-0.008000000000000007,0.39,0.408,-0.01799999999999996,0.303,0.316,-0.013000000000000012,"3.63","4.20","-0.565"
"Law, Derek","571882","2024","365","264",0.246,0.258,-0.01200000000000001,0.348,0.362,-0.014000000000000012,0.282,0.298,-0.016000000000000014,"2.60","3.70","-1.1"
"Liberatore, Matthew","669461","2024","358","252",0.251,0.251,0,0.415,0.415,0,0.313,0.316,-0.0030000000000000027,"4.39","4.20","0.195"
"Holton, Tyler","663947","2024","354","256",0.173,0.215,-0.04200000000000001,0.279,0.331,-0.05199999999999999,0.221,0.26,-0.03900000000000001,"2.19","2.78","-0.586"
"Avila, Pedro","658648","2024","353","231",0.239,0.261,-0.02200000000000002,0.369,0.402,-0.03300000000000003,0.304,0.33,-0.026000000000000023,"3.81","4.62","-0.81"
"Sandoval, Patrick","663776","2024","353","234",0.272,0.256,0.016000000000000014,0.401,0.385,0.016000000000000014,0.329,0.318,0.01100000000000001,"5.08","4.25","0.834"
"Schmidt, Clarke","657376","2024","353","221",0.23,0.226,0.0040000000000000036,0.356,0.353,0.0030000000000000027,0.296,0.301,-0.0050000000000000044,"2.85","3.78","-0.932"
"Povich, Cade","700249","2024","352","246",0.256,0.232,0.023999999999999994,0.454,0.402,0.05199999999999999,0.339,0.313,0.026000000000000023,"5.20","4.11","1.087"
"Ashcraft, Graham","668933","2024","350","260",0.282,0.278,0.003999999999999948,0.434,0.438,-0.0040000000000000036,0.342,0.347,-0.004999999999999949,"5.24","5.18","0.057"
"Soroka, Michael","647336","2024","347","216",0.224,0.237,-0.012999999999999984,0.415,0.398,0.01699999999999996,0.324,0.329,-0.0050000000000000044,"4.75","4.59","0.155"
"Buehler, Walker","621111","2024","344","246",0.289,0.263,0.025999999999999968,0.506,0.428,0.07800000000000001,0.37,0.335,0.034999999999999976,"5.38","4.78","0.596"
"McKenzie, Triston","663474","2024","340","215",0.24,0.242,-0.0020000000000000018,0.479,0.482,-0.0030000000000000027,0.359,0.361,-0.0020000000000000018,"5.12","5.67","-0.555"
"Tonkin, Michael","543859","2024","340","217",0.236,0.253,-0.017000000000000015,0.35,0.392,-0.04200000000000004,0.296,0.321,-0.025000000000000022,"3.63","4.34","-0.71"
"Cecconi, Slade","677944","2024","338","253",0.294,0.256,0.03799999999999998,0.527,0.449,0.07800000000000001,0.366,0.327,0.03899999999999998,"6.66","4.52","2.142"
"Megill, Tylor","656731","2024","337","209",0.235,0.237,-0.0020000000000000018,0.372,0.392,-0.020000000000000018,0.304,0.316,-0.01200000000000001,"4.04","4.20","-0.162"
"Hjelle, Sean","663546","2024","337","243",0.268,0.249,0.019000000000000017,0.398,0.379,0.019000000000000017,0.306,0.293,0.013000000000000012,"3.90","3.56","0.345"
"Winckowski, Josh","670174","2024","336","246",0.272,0.262,0.010000000000000009,0.423,0.411,0.01200000000000001,0.327,0.322,0.0050000000000000044,"4.14","4.37","-0.225"
"Williams, Gavin","668909","2024","332","218",0.246,0.248,-0.0020000000000000018,0.396,0.39,0.006000000000000005,0.315,0.317,-0.0020000000000000018,"4.86","4.22","0.635"
"Darvish, Yu","506433","2024","331","228",0.217,0.228,-0.01100000000000001,0.387,0.385,0.0020000000000000018,0.286,0.295,-0.009000000000000008,"3.31","3.62","-0.314"
"Weaver, Luke","596133","2024","331","198",0.176,0.2,-0.02400000000000002,0.334,0.36,-0.025999999999999968,0.256,0.283,-0.02699999999999997,"2.89","3.31","-0.417"
"Blach, Ty","621389","2024","330","270",0.342,0.317,0.025000000000000022,0.585,0.571,0.014000000000000012,0.413,0.401,0.011999999999999955,"6.94","7.32","-0.381"
"Abreu, Bryan","650556","2024","325","184",0.207,0.199,0.00799999999999998,0.344,0.33,0.013999999999999957,0.288,0.282,0.006000000000000005,"3.10","3.29","-0.188"
"Shuster, Jared","694363","2024","321","232",0.261,0.268,-0.007000000000000006,0.41,0.423,-0.013000000000000012,0.324,0.333,-0.009000000000000008,"4.29","4.71","-0.415"
"Ross, Joe","605452","2024","321","224",0.251,0.239,0.01200000000000001,0.359,0.381,-0.02200000000000002,0.299,0.306,-0.007000000000000006,"3.77","3.91","-0.14"
"Vodnik, Victor","680767","2024","320","217",0.257,0.257,0,0.382,0.423,-0.04099999999999998,0.322,0.338,-0.016000000000000014,"4.28","4.87","-0.594"
"Baz, Shane","669358","2024","319","219",0.2,0.219,-0.01899999999999999,0.319,0.37,-0.05099999999999999,0.266,0.295,-0.02899999999999997,"3.06","3.62","-0.557"
"Blackburn, Paul","621112","2024","316","233",0.262,0.266,-0.0040000000000000036,0.441,0.431,0.010000000000000009,0.329,0.329,0,"4.66","4.59","0.069"
"Birdsong, Hayden","806185","2024","315","180",0.216,0.231,-0.015000000000000013,0.39,0.401,-0.01100000000000001,0.321,0.331,-0.010000000000000009,"4.75","4.65","0.1"
"Akin, Keegan","669211","2024","313","195",0.193,0.184,0.009000000000000008,0.347,0.31,0.03699999999999998,0.255,0.244,0.01100000000000001,"3.32","2.45","0.868"
"Beeks, Jalen","656222","2024","312","227",0.279,0.243,0.03600000000000003,0.388,0.372,0.016000000000000014,0.322,0.302,0.020000000000000018,"4.50","3.80","0.7"
"Banks, Tanner","621383","2024","310","205",0.249,0.232,0.016999999999999987,0.361,0.344,0.017000000000000015,0.293,0.287,0.006000000000000005,"3.98","3.41","0.572"
"Houser, Adrian","605288","2024","309","228",0.272,0.268,0.0040000000000000036,0.445,0.443,0.0020000000000000018,0.35,0.349,0.0010000000000000009,"5.84","5.24","0.601"
"Walker, Ryan","676254","2024","308","182",0.179,0.193,-0.014000000000000012,0.265,0.297,-0.03199999999999997,0.233,0.252,-0.01899999999999999,"1.91","2.61","-0.697"
"Bradford, Cody","674003","2024","308","224",0.218,0.235,-0.016999999999999987,0.379,0.404,-0.025000000000000022,0.273,0.292,-0.01899999999999996,"3.54","3.54","-0.003"
"Martinez, Justin","679885","2024","308","179",0.221,0.216,0.0050000000000000044,0.288,0.284,0.0040000000000000036,0.269,0.273,-0.0040000000000000036,"2.48","3.07","-0.593"
"Cronin, Declan","686539","2024","307","204",0.274,0.239,0.03500000000000003,0.35,0.348,0.0020000000000000018,0.308,0.295,0.013000000000000012,"4.35","3.62","0.731"
"Harris, Hogan","663687","2024","305","208",0.244,0.26,-0.016000000000000014,0.391,0.431,-0.03999999999999998,0.32,0.343,-0.02300000000000002,"2.86","5.04","-2.178"
"Wentz, Joey","666214","2024","304","194",0.252,0.223,0.028999999999999998,0.378,0.349,0.029000000000000026,0.317,0.298,0.019000000000000017,"4.68","3.70","0.978"
"Kelly, Merrill","518876","2024","300","215",0.242,0.263,-0.02100000000000002,0.426,0.47,-0.043999999999999984,0.311,0.34,-0.029000000000000026,"4.03","4.94","-0.908"
"Farmer, Buck","571656","2024","299","193",0.215,0.238,-0.022999999999999993,0.369,0.397,-0.028000000000000025,0.293,0.314,-0.02100000000000002,"3.04","4.14","-1.098"
"Contreras, Roansy","672710","2024","298","207",0.243,0.26,-0.017000000000000015,0.425,0.441,-0.016000000000000014,0.322,0.34,-0.018000000000000016,"4.35","4.94","-0.594"
"Robertson, David","502085","2024","297","164",0.202,0.212,-0.009999999999999981,0.282,0.328,-0.04600000000000004,0.257,0.278,-0.02100000000000002,"3.00","3.19","-0.19"
"Armstrong, Shawn","542888","2024","295","202",0.289,0.277,0.011999999999999955,0.436,0.442,-0.006000000000000005,0.345,0.345,0,"4.86","5.11","-0.25"
"Bellozo, Valente","678368","2024","295","228",0.256,0.25,0.006000000000000005,0.481,0.493,-0.01200000000000001,0.338,0.346,-0.007999999999999952,"3.67","5.14","-1.47"
"Strickland, Hunter","519326","2024","294","211",0.211,0.213,-0.0020000000000000018,0.376,0.382,-0.006000000000000005,0.286,0.29,-0.0040000000000000036,"3.31","3.49","-0.176"
"Buttó, José","676130","2024","294","172",0.167,0.19,-0.022999999999999993,0.276,0.318,-0.04199999999999998,0.26,0.288,-0.02799999999999997,"2.55","3.44","-0.886"
"Thornton, Trent","663423","2024","294","193",0.238,0.226,0.011999999999999983,0.396,0.345,0.051000000000000045,0.302,0.284,0.018000000000000016,"3.61","3.34","0.268"
"Scott, Tanner","656945","2024","294","171",0.179,0.2,-0.02100000000000002,0.243,0.29,-0.046999999999999986,0.241,0.268,-0.027000000000000024,"1.75","2.96","-1.21"
"Puk, A.J.","640462","2024","294","176",0.195,0.197,-0.0020000000000000018,0.324,0.293,0.031000000000000028,0.265,0.257,0.008000000000000007,"3.15","2.72","0.434"
"Sands, Cole","663485","2024","292","189",0.221,0.221,0,0.326,0.371,-0.044999999999999984,0.259,0.28,-0.02100000000000002,"3.28","3.24","0.04"
"Ginkel, Kevin","656464","2024","291","196",0.256,0.233,0.022999999999999993,0.389,0.359,0.030000000000000027,0.3,0.281,0.01899999999999996,"3.21","3.26","-0.046"
"Hill, Tim","657612","2024","290","238",0.291,0.263,0.02799999999999997,0.34,0.324,0.016000000000000014,0.3,0.293,0.007000000000000006,"3.36","3.56","-0.202"
"Rogers, Tyler","643511","2024","290","225",0.245,0.238,0.007000000000000006,0.374,0.34,0.033999999999999975,0.281,0.27,0.01100000000000001,"2.81","3.01","-0.195"
"Smith, Cade","671922","2024","289","166",0.19,0.193,-0.0030000000000000027,0.28,0.305,-0.024999999999999967,0.235,0.249,-0.014000000000000012,"1.91","2.55","-0.638"
"Vest, Will","676684","2024","289","205",0.234,0.26,-0.025999999999999995,0.31,0.37,-0.06,0.261,0.303,-0.04199999999999998,"2.81","3.83","-1.015"
"Cruz, Fernando","518585","2024","288","143",0.216,0.223,-0.007000000000000006,0.388,0.386,0.0020000000000000018,0.307,0.311,-0.0040000000000000036,"4.86","4.05","0.81"
"Leclerc, José","600917","2024","288","163",0.227,0.214,0.013000000000000012,0.348,0.344,0.0040000000000000036,0.3,0.294,0.006000000000000005,"4.32","3.59","0.73"
"Santana, Dennis","642701","2024","287","193",0.22,0.223,-0.0030000000000000027,0.351,0.333,0.01799999999999996,0.281,0.277,0.0040000000000000036,"3.89","3.17","0.723"
"Kittredge, Andrew","552640","2024","287","200",0.228,0.25,-0.021999999999999992,0.395,0.412,-0.01699999999999996,0.289,0.308,-0.019000000000000017,"2.80","3.97","-1.168"
"Knack, Landon","689017","2024","286","196",0.22,0.225,-0.0050000000000000044,0.428,0.426,0.0020000000000000018,0.304,0.307,-0.0030000000000000027,"3.65","3.94","-0.288"
"Pearson, Nate","663878","2024","285","187",0.263,0.242,0.02100000000000002,0.459,0.431,0.028000000000000025,0.333,0.324,0.009000000000000008,"4.48","4.43","0.047"
"Kinley, Tyler","641755","2024","285","178",0.248,0.244,0.0040000000000000036,0.455,0.408,0.04700000000000004,0.341,0.325,0.016000000000000014,"6.19","4.46","1.728"
"Fernandez, Ryan","681676","2024","285","180",0.236,0.221,0.014999999999999986,0.341,0.324,0.017000000000000015,0.291,0.292,-0.0010000000000000009,"3.51","3.54","-0.03"
"Miller, Erik","669062","2024","284","158",0.205,0.19,0.014999999999999986,0.344,0.298,0.045999999999999985,0.296,0.276,0.019999999999999962,"3.88","3.14","0.736"
"Wesneski, Hayden","669713","2024","283","193",0.215,0.234,-0.019000000000000017,0.392,0.427,-0.034999999999999976,0.293,0.315,-0.02200000000000002,"3.86","4.17","-0.313"
"Adam, Jason","592094","2024","282","172",0.159,0.203,-0.04400000000000001,0.259,0.336,-0.07700000000000001,0.224,0.276,-0.05200000000000002,"1.96","3.14","-1.185"
"Holmes, Grant","656550","2024","282","195",0.252,0.238,0.014000000000000012,0.37,0.383,-0.013000000000000012,0.287,0.289,-0.0020000000000000018,"3.56","3.46","0.096"
"Brieske, Beau","689225","2024","282","181",0.224,0.216,0.008000000000000007,0.354,0.331,0.022999999999999965,0.291,0.283,0.008000000000000007,"3.59","3.31","0.281"
"Scott, Tayler","605463","2024","282","171",0.188,0.217,-0.028999999999999998,0.31,0.31,0,0.275,0.289,-0.013999999999999957,"2.23","3.46","-1.232"
"Lambert, Peter","663567","2024","280","198",0.302,0.264,0.03799999999999998,0.471,0.394,0.07699999999999996,0.362,0.325,0.03699999999999998,"5.72","4.46","1.263"
"Kopech, Michael","656629","2024","279","152",0.188,0.192,-0.0040000000000000036,0.321,0.346,-0.024999999999999967,0.277,0.29,-0.012999999999999956,"3.46","3.49","-0.032"
"Lawrence, Justin","664875","2024","279","194",0.313,0.3,0.013000000000000012,0.485,0.453,0.03199999999999997,0.387,0.376,0.01100000000000001,"6.49","6.25","0.236"
"Floro, Dylan","571670","2024","279","213",0.252,0.261,-0.009000000000000008,0.349,0.389,-0.040000000000000036,0.285,0.307,-0.02200000000000002,"3.80","3.94","-0.139"
"De Los Santos, Enyel","660853","2024","278","182",0.262,0.249,0.013000000000000012,0.544,0.483,0.061000000000000054,0.377,0.351,0.026000000000000023,"5.20","5.31","-0.107"
"Kelly, Kevin","687330","2024","278","201",0.226,0.243,-0.016999999999999987,0.352,0.367,-0.015000000000000013,0.268,0.284,-0.01599999999999996,"2.67","3.34","-0.665"
"Hader, Josh","623352","2024","278","147",0.171,0.173,-0.001999999999999974,0.343,0.328,0.015000000000000013,0.261,0.257,0.0040000000000000036,"3.80","2.72","1.083"
"Gaddis, Hunter","683769","2024","278","194",0.166,0.2,-0.034,0.282,0.334,-0.052000000000000046,0.22,0.257,-0.037000000000000005,"1.57","2.72","-1.153"
"Jiménez, Joe","641729","2024","277","168",0.181,0.182,-0.0010000000000000009,0.242,0.278,-0.03600000000000003,0.23,0.247,-0.016999999999999987,"2.62","2.51","0.111"
"Festa, David","701581","2024","277","175",0.247,0.24,0.007000000000000006,0.434,0.408,0.026000000000000023,0.324,0.314,0.010000000000000009,"4.90","4.14","0.756"
"Barnes, Jacob","606930","2024","277","202",0.266,0.277,-0.01100000000000001,0.444,0.465,-0.02100000000000002,0.323,0.339,-0.016000000000000014,"4.36","4.91","-0.546"
"Richards, Trevor","670950","2024","277","177",0.188,0.205,-0.016999999999999987,0.308,0.334,-0.026000000000000023,0.273,0.295,-0.021999999999999964,"4.55","3.62","0.926"
"Jax, Griffin","643377","2024","276","163",0.184,0.187,-0.0030000000000000027,0.281,0.307,-0.025999999999999968,0.227,0.24,-0.012999999999999984,"2.03","2.37","-0.342"
"Luzardo, Jesús","666200","2024","274","192",0.246,0.255,-0.009000000000000008,0.411,0.432,-0.02100000000000002,0.315,0.329,-0.014000000000000012,"5.00","4.59","0.405"
"Thompson, Ryan","657044","2024","272","204",0.254,0.258,-0.0040000000000000036,0.377,0.405,-0.028000000000000025,0.29,0.309,-0.019000000000000017,"3.26","4.00","-0.744"
"Morejon, Adrian","670970","2024","272","179",0.256,0.225,0.031,0.39,0.346,0.04400000000000004,0.304,0.284,0.020000000000000018,"2.83","3.34","-0.513"
"Cabrera, Génesis","650893","2024","271","190",0.268,0.248,0.020000000000000018,0.443,0.4,0.04299999999999998,0.338,0.323,0.015000000000000013,"3.59","4.40","-0.81"
"Holmes, Clay","605280","2024","271","178",0.248,0.226,0.021999999999999992,0.347,0.332,0.014999999999999958,0.292,0.282,0.010000000000000009,"3.14","3.29","-0.147"
"Doval, Camilo","666808","2024","271","152",0.241,0.187,0.05399999999999999,0.393,0.317,0.07600000000000001,0.327,0.288,0.039000000000000035,"4.88","3.44","1.441"
"Finnegan, Kyle","640448","2024","271","187",0.249,0.261,-0.01200000000000001,0.4,0.411,-0.010999999999999954,0.309,0.321,-0.01200000000000001,"3.67","4.34","-0.665"
"Suter, Brent","608718","2024","270","205",0.249,0.27,-0.02100000000000002,0.419,0.416,0.0030000000000000027,0.305,0.316,-0.01100000000000001,"3.15","4.20","-1.048"
"Clase, Emmanuel","661403","2024","270","192",0.154,0.214,-0.06,0.202,0.303,-0.10099999999999998,0.175,0.245,-0.07,"0.60","2.47","-1.865"
"Milner, Hoby","571948","2024","268","188",0.258,0.249,0.009000000000000008,0.393,0.346,0.04700000000000004,0.297,0.28,0.01699999999999996,"4.73","3.24","1.492"
"Helsley, Ryan","664854","2024","266","164",0.21,0.212,-0.0020000000000000018,0.273,0.301,-0.02799999999999997,0.243,0.257,-0.014000000000000012,"2.04","2.72","-0.685"
"Hancock, Emerson","676106","2024","266","202",0.259,0.29,-0.030999999999999972,0.456,0.484,-0.02799999999999997,0.339,0.368,-0.02899999999999997,"4.75","5.94","-1.193"
"Cleavinger, Garrett","664076","2024","266","157",0.231,0.232,-0.0010000000000000009,0.342,0.37,-0.02799999999999997,0.308,0.321,-0.013000000000000012,"3.75","4.34","-0.59"
"Kochanowicz, Jack","686799","2024","266","223",0.275,0.288,-0.012999999999999956,0.417,0.448,-0.031000000000000028,0.323,0.341,-0.018000000000000016,"4.00","4.97","-0.975"
"Koenig, Jared","657649","2024","265","174",0.229,0.224,0.0050000000000000044,0.309,0.357,-0.04799999999999999,0.273,0.29,-0.01699999999999996,"2.47","3.49","-1.022"
"Maton, Phil","664208","2024","265","172",0.203,0.239,-0.035999999999999976,0.346,0.385,-0.039000000000000035,0.29,0.32,-0.030000000000000027,"3.66","4.31","-0.654"
"Hoffman, Jeff","656546","2024","265","157",0.197,0.202,-0.0050000000000000044,0.324,0.343,-0.019000000000000017,0.252,0.264,-0.01200000000000001,"2.17","2.87","-0.699"
"Baumann, Mike","657508","2024","264","174",0.259,0.238,0.02100000000000002,0.456,0.409,0.04700000000000004,0.344,0.329,0.014999999999999958,"5.55","4.59","0.964"
"Chavez, Jesse","445926","2024","264","189",0.249,0.263,-0.014000000000000012,0.427,0.411,0.016000000000000014,0.315,0.318,-0.0030000000000000027,"3.13","4.25","-1.124"
"Molina, Anthony","683627","2024","264","199",0.305,0.309,-0.0040000000000000036,0.445,0.47,-0.024999999999999967,0.349,0.369,-0.020000000000000018,"6.79","5.97","0.818"
"Chapman, Aroldis","547973","2024","264","126",0.198,0.165,0.033,0.315,0.282,0.03300000000000003,0.289,0.269,0.019999999999999962,"3.79","2.98","0.815"
"Vesia, Alex","681911","2024","263","140",0.148,0.157,-0.009000000000000008,0.291,0.319,-0.028000000000000025,0.246,0.26,-0.014000000000000012,"1.76","2.78","-1.016"
"Weissert, Greg","669711","2024","263","185",0.274,0.248,0.026000000000000023,0.401,0.367,0.03400000000000003,0.31,0.291,0.019000000000000017,"3.13","3.51","-0.384"
"Bednar, David","670280","2024","262","172",0.238,0.229,0.00899999999999998,0.41,0.416,-0.006000000000000005,0.319,0.322,-0.0030000000000000027,"5.78","4.37","1.405"
"Neris, Héctor","593576","2024","260","165",0.244,0.238,0.006000000000000005,0.418,0.407,0.01100000000000001,0.324,0.32,0.0040000000000000036,"4.10","4.31","-0.214"
"Williams, Trevor","592866","2024","260","183",0.214,0.216,-0.0020000000000000018,0.294,0.345,-0.05099999999999999,0.248,0.277,-0.029000000000000026,"2.02","3.17","-1.145"
"Iglesias, Raisel","628452","2024","259","175",0.16,0.195,-0.035,0.248,0.292,-0.043999999999999984,0.2,0.233,-0.033,"1.95","2.24","-0.293"
"Bido, Osvaldo","674370","2024","259","163",0.192,0.181,0.01100000000000001,0.286,0.272,0.013999999999999957,0.265,0.257,0.008000000000000007,"3.41","2.72","0.691"
"Miller, Bobby","676272","2024","258","174",0.305,0.296,0.009000000000000008,0.571,0.528,0.04299999999999993,0.411,0.394,0.01699999999999996,"8.52","7.00","1.518"
"Alvarado, José","621237","2024","258","166",0.215,0.238,-0.022999999999999993,0.346,0.368,-0.02200000000000002,0.288,0.308,-0.020000000000000018,"4.09","3.97","0.116"
"Jarvis, Bryce","686826","2024","258","182",0.239,0.271,-0.03200000000000003,0.362,0.433,-0.07100000000000001,0.314,0.354,-0.03999999999999998,"3.19","5.42","-2.235"
"Suarez, Robert","663158","2024","258","183",0.217,0.219,-0.0020000000000000018,0.333,0.356,-0.022999999999999965,0.262,0.272,-0.010000000000000009,"2.77","3.05","-0.281"
"Herrin, Tim","682120","2024","257","159",0.173,0.209,-0.036000000000000004,0.24,0.319,-0.07900000000000001,0.236,0.28,-0.04400000000000004,"1.92","3.24","-1.321"
"Kerkering, Orion","689147","2024","257","158",0.223,0.22,0.0030000000000000027,0.301,0.32,-0.019000000000000017,0.271,0.278,-0.007000000000000006,"2.29","3.19","-0.904"
"Stratton, Chris","608717","2024","257","177",0.248,0.255,-0.007000000000000006,0.397,0.399,-0.0020000000000000018,0.326,0.341,-0.015000000000000013,"5.55","4.97","0.584"
"Matsui, Yuki","673513","2024","257","161",0.204,0.203,0.0009999999999999731,0.381,0.325,0.055999999999999994,0.283,0.267,0.01599999999999996,"3.73","2.94","0.794"
"Smyly, Drew","592767","2024","257","173",0.252,0.234,0.017999999999999988,0.416,0.368,0.04799999999999999,0.325,0.301,0.02400000000000002,"3.83","3.78","0.055"
"Leiter Jr., Mark","643410","2024","256","145",0.238,0.224,0.013999999999999985,0.39,0.348,0.04200000000000004,0.308,0.288,0.020000000000000018,"4.50","3.44","1.06"
"Mears, Nick","683232","2024","256","157",0.268,0.217,0.05100000000000002,0.417,0.356,0.061,0.324,0.283,0.041000000000000036,"5.93","3.31","2.621"
"Anderson, Chase","502624","2024","255","188",0.242,0.241,0.0010000000000000009,0.449,0.427,0.02200000000000002,0.329,0.326,0.0030000000000000027,"5.40","4.49","0.91"
"Domínguez, Seranthony","622554","2024","255","164",0.225,0.209,0.016000000000000014,0.424,0.394,0.02999999999999997,0.312,0.296,0.016000000000000014,"4.45","3.64","0.809"
"García, Luis","472610","2024","254","183",0.26,0.235,0.025000000000000022,0.417,0.379,0.03799999999999998,0.314,0.293,0.02100000000000002,"4.88","3.56","1.321"
"Junis, Jakob","596001","2024","253","191",0.203,0.251,-0.04799999999999999,0.361,0.414,-0.05299999999999999,0.259,0.302,-0.04299999999999998,"2.69","3.80","-1.113"
"Erceg, Lucas","668674","2024","253","159",0.212,0.223,-0.01100000000000001,0.303,0.34,-0.03700000000000003,0.259,0.28,-0.02100000000000002,"3.36","3.24","0.117"
"Hudson, Daniel","543339","2024","253","170",0.198,0.216,-0.017999999999999988,0.371,0.422,-0.05099999999999999,0.274,0.302,-0.02799999999999997,"3.00","3.80","-0.8"
"Estrada, Jeremiah","669093","2024","252","134",0.188,0.187,0.0010000000000000009,0.277,0.28,-0.0030000000000000027,0.239,0.248,-0.009000000000000008,"2.95","2.53","0.421"
"Garcia, Robert","676395","2024","251","159",0.237,0.207,0.03,0.323,0.294,0.029000000000000026,0.27,0.248,0.02200000000000002,"4.22","2.53","1.693"
"Foley, Jason","671345","2024","250","182",0.228,0.255,-0.026999999999999996,0.339,0.392,-0.05299999999999999,0.277,0.316,-0.03899999999999998,"3.15","4.20","-1.05"
"Miller, Mason","695243","2024","249","123",0.16,0.15,0.010000000000000009,0.262,0.225,0.037000000000000005,0.218,0.206,0.01200000000000001,"2.49","1.77","0.722"
"Rogers, Taylor","573124","2024","249","161",0.237,0.215,0.021999999999999992,0.397,0.336,0.061,0.309,0.282,0.027000000000000024,"2.40","3.29","-0.89"
"Ferguson, Caleb","657571","2024","249","153",0.256,0.243,0.013000000000000012,0.388,0.372,0.016000000000000014,0.322,0.313,0.009000000000000008,"4.64","4.11","0.528"
"Cano, Yennier","666974","2024","249","159",0.242,0.233,0.00899999999999998,0.372,0.361,0.01100000000000001,0.303,0.299,0.0040000000000000036,"3.15","3.72","-0.57"
"King, John","667463","2024","248","195",0.258,0.253,0.0050000000000000044,0.351,0.383,-0.03200000000000003,0.28,0.303,-0.022999999999999965,"2.85","3.83","-0.98"
"Voth, Austin","608723","2024","248","166",0.204,0.21,-0.006000000000000005,0.367,0.345,0.02200000000000002,0.281,0.276,0.0050000000000000044,"3.69","3.14","0.549"
"Meyer, Max","676974","2024","248","180",0.276,0.246,0.030000000000000027,0.56,0.454,0.10600000000000004,0.381,0.334,0.046999999999999986,"5.68","4.74","0.944"
"Garrett, Reed","657585","2024","247","132",0.236,0.2,0.035999999999999976,0.363,0.307,0.055999999999999994,0.31,0.278,0.03199999999999997,"3.77","3.19","0.577"
"McArthur, James","663704","2024","246","181",0.298,0.272,0.025999999999999968,0.456,0.428,0.028000000000000025,0.344,0.324,0.019999999999999962,"4.92","4.43","0.494"
"Sandlin, Nick","680704","2024","246","145",0.222,0.222,0,0.435,0.413,0.02200000000000002,0.328,0.326,0.0020000000000000018,"3.75","4.49","-0.744"
"Chafin, Andrew","605177","2024","246","144",0.246,0.222,0.023999999999999994,0.341,0.347,-0.00599999999999995,0.301,0.296,0.0050000000000000044,"3.52","3.64","-0.125"
"Faedo, Alex","656412","2024","246","160",0.233,0.249,-0.015999999999999986,0.405,0.383,0.02200000000000002,0.322,0.324,-0.0020000000000000018,"3.61","4.43","-0.82"
"Ottavino, Adam","493603","2024","245","144",0.23,0.198,0.032,0.362,0.318,0.043999999999999984,0.305,0.278,0.02699999999999997,"4.34","3.19","1.149"
"Soto, Gregory","642397","2024","244","144",0.272,0.236,0.03600000000000003,0.398,0.372,0.026000000000000023,0.34,0.322,0.018000000000000016,"4.42","4.37","0.045"
"Nicolas, Kyle","693312","2024","244","153",0.249,0.237,0.01200000000000001,0.341,0.358,-0.01699999999999996,0.315,0.323,-0.008000000000000007,"3.95","4.40","-0.449"
"Bummer, Aaron","607481","2024","244","155",0.277,0.232,0.04500000000000001,0.364,0.283,0.08100000000000002,0.305,0.261,0.043999999999999984,"3.58","2.80","0.778"
"Pressly, Ryan","519151","2024","244","165",0.264,0.242,0.02200000000000002,0.395,0.397,-0.0020000000000000018,0.314,0.308,0.006000000000000005,"3.49","3.97","-0.476"
"Romero, JoJo","668941","2024","243","171",0.236,0.272,-0.03600000000000003,0.395,0.46,-0.065,0.305,0.346,-0.04099999999999998,"3.36","5.14","-1.784"
"Mantiply, Joe","573009","2024","243","172",0.231,0.229,0.0020000000000000018,0.342,0.369,-0.02699999999999997,0.265,0.279,-0.014000000000000012,"3.92","3.22","0.702"
"Anderson, Justin","605121","2024","243","150",0.234,0.239,-0.004999999999999977,0.351,0.417,-0.066,0.314,0.339,-0.025000000000000022,"4.39","4.91","-0.522"
"Brebbia, John","605154","2024","242","153",0.255,0.263,-0.008000000000000007,0.455,0.445,0.010000000000000009,0.337,0.338,-0.0010000000000000009,"5.86","4.87","0.985"
"Díaz, Alexis","664747","2024","242","150",0.206,0.206,0,0.338,0.329,0.009000000000000008,0.3,0.298,0.0020000000000000018,"3.99","3.70","0.294"
"Smith, Burch","572143","2024","241","181",0.288,0.268,0.019999999999999962,0.428,0.436,-0.008000000000000007,0.328,0.325,0.0030000000000000027,"4.95","4.46","0.493"
"Stanek, Ryne","592773","2024","241","146",0.226,0.205,0.02100000000000002,0.387,0.356,0.031000000000000028,0.307,0.288,0.019000000000000017,"4.88","3.44","1.44"
"Kelly, Zack","677161","2024","241","151",0.208,0.227,-0.019000000000000017,0.387,0.411,-0.023999999999999966,0.3,0.318,-0.018000000000000016,"3.97","4.25","-0.279"
"Barlow, Scott","605130","2024","241","138",0.216,0.231,-0.015000000000000013,0.358,0.363,-0.0050000000000000044,0.306,0.315,-0.009000000000000008,"4.25","4.17","0.085"
"Zerpa, Angel","672582","2024","240","169",0.273,0.261,0.01200000000000001,0.403,0.413,-0.009999999999999953,0.323,0.325,-0.0020000000000000018,"3.86","4.46","-0.603"
"Lee, Dylan","669276","2024","240","147",0.222,0.198,0.023999999999999994,0.376,0.33,0.045999999999999985,0.277,0.25,0.027000000000000024,"2.11","2.57","-0.458"
"Suarez, José","660761","2024","240","153",0.274,0.256,0.018000000000000016,0.495,0.403,0.09199999999999997,0.371,0.337,0.033999999999999975,"6.02","4.84","1.179"
"Kuhl, Chad","641771","2024","240","154",0.273,0.241,0.03200000000000003,0.41,0.365,0.044999999999999984,0.343,0.317,0.026000000000000023,"5.06","4.22","0.843"
"Winn, Keaton","676775","2024","238","165",0.268,0.273,-0.0050000000000000044,0.493,0.479,0.014000000000000012,0.354,0.358,-0.0040000000000000036,"7.16","5.56","1.597"
"Pérez, Cionel","672335","2024","238","159",0.232,0.223,0.009000000000000008,0.31,0.307,0.0030000000000000027,0.296,0.294,0.0020000000000000018,"4.53","3.59","0.938"
"Varland, Louie","686973","2024","238","169",0.318,0.285,0.03300000000000003,0.523,0.466,0.056999999999999995,0.382,0.354,0.028000000000000025,"7.61","5.42","2.191"
"Strahm, Matt","621381","2024","237","141",0.166,0.188,-0.021999999999999992,0.276,0.309,-0.032999999999999974,0.221,0.243,-0.021999999999999992,"1.87","2.43","-0.563"
"Webb, Jacob","657097","2024","237","151",0.192,0.212,-0.01999999999999999,0.303,0.351,-0.04799999999999999,0.266,0.291,-0.024999999999999967,"3.02","3.51","-0.492"
"Yates, Kirby","489446","2024","237","121",0.113,0.145,-0.03199999999999999,0.182,0.214,-0.032,0.186,0.212,-0.025999999999999995,"1.17","1.86","-0.692"
"Johnson, Pierce","572955","2024","236","142",0.23,0.224,0.006000000000000005,0.364,0.368,-0.0040000000000000036,0.302,0.302,0,"3.67","3.80","-0.125"
"McFarland, T.J.","519008","2024","235","175",0.252,0.24,0.01200000000000001,0.367,0.343,0.023999999999999966,0.293,0.285,0.008000000000000007,"3.81","3.36","0.452"
"Alcala, Jorge","660896","2024","235","153",0.19,0.194,-0.0040000000000000036,0.352,0.344,0.008000000000000007,0.273,0.275,-0.0020000000000000018,"3.24","3.12","0.12"
"Faucher, Calvin","676534","2024","235","142",0.246,0.232,0.013999999999999985,0.342,0.331,0.01100000000000001,0.299,0.299,0,"3.19","3.72","-0.534"
"Miller, Tyson","668338","2024","235","165",0.18,0.22,-0.04000000000000001,0.313,0.388,-0.07500000000000001,0.242,0.287,-0.044999999999999984,"2.32","3.41","-1.087"
"Payamps, Joel","606303","2024","235","156",0.184,0.238,-0.05399999999999999,0.34,0.424,-0.08399999999999996,0.254,0.313,-0.059,"3.05","4.11","-1.059"
"Jackson, Luke","592426","2024","235","148",0.255,0.229,0.025999999999999995,0.402,0.373,0.029000000000000026,0.328,0.312,0.016000000000000014,"5.09","4.08","1.014"
"Kimbrel, Craig","518886","2024","232","123",0.208,0.218,-0.010000000000000009,0.365,0.381,-0.016000000000000014,0.309,0.32,-0.01100000000000001,"5.33","4.31","1.021"
"Muñoz, Andrés","662253","2024","232","126",0.153,0.178,-0.024999999999999994,0.257,0.308,-0.05099999999999999,0.233,0.267,-0.034,"2.12","2.94","-0.816"
"Hudson, Bryan","663542","2024","231","148",0.135,0.198,-0.063,0.279,0.335,-0.055999999999999994,0.218,0.27,-0.05200000000000002,"1.73","3.01","-1.277"
"Rainey, Tanner","663432","2024","231","154",0.239,0.237,0.0020000000000000018,0.416,0.473,-0.056999999999999995,0.335,0.356,-0.020999999999999963,"4.76","5.49","-0.725"
"Duran, Jhoan","661395","2024","228","141",0.235,0.208,0.026999999999999996,0.363,0.287,0.07600000000000001,0.292,0.259,0.032999999999999974,"3.64","2.76","0.884"
"Bender, Anthony","669622","2024","228","147",0.245,0.23,0.014999999999999986,0.353,0.34,0.012999999999999956,0.296,0.288,0.008000000000000007,"4.08","3.44","0.635"
"Phillips, Evan","623465","2024","228","147",0.232,0.225,0.007000000000000006,0.372,0.349,0.02300000000000002,0.288,0.282,0.006000000000000005,"3.62","3.29","0.332"
"Peguero, Elvis","665625","2024","227","151",0.264,0.251,0.013000000000000012,0.36,0.361,-0.0010000000000000009,0.317,0.314,0.0030000000000000027,"2.98","4.14","-1.159"
"Boyle, Joe","671212","2024","226","126",0.235,0.215,0.01999999999999999,0.346,0.324,0.021999999999999964,0.334,0.321,0.013000000000000012,"6.42","4.34","2.08"
"Elder, Bryce","693821","2024","226","161",0.311,0.285,0.026000000000000023,0.49,0.442,0.04799999999999999,0.37,0.343,0.02699999999999997,"6.52","5.04","1.483"
"Bernardino, Brennan","657514","2024","226","142",0.256,0.233,0.022999999999999993,0.405,0.376,0.029000000000000026,0.322,0.305,0.017000000000000015,"4.06","3.88","0.179"
"Miller, Shelby","571946","2024","225","158",0.202,0.222,-0.01999999999999999,0.384,0.389,-0.0050000000000000044,0.28,0.3,-0.019999999999999962,"4.53","3.75","0.777"
"Rodriguez, Eduardo","593958","2024","224","157",0.277,0.275,0.0020000000000000018,0.475,0.485,-0.010000000000000009,0.35,0.357,-0.007000000000000006,"5.04","5.53","-0.49"
"Slaten, Justin","686580","2024","224","155",0.223,0.233,-0.010000000000000009,0.318,0.347,-0.02899999999999997,0.253,0.278,-0.025000000000000022,"2.93","3.19","-0.262"
"Schreiber, John","670167","2024","224","154",0.242,0.229,0.012999999999999984,0.318,0.316,0.0020000000000000018,0.287,0.286,0.0010000000000000009,"3.66","3.39","0.268"
"Holderman, Colin","670059","2024","223","137",0.223,0.214,0.009000000000000008,0.367,0.37,-0.0030000000000000027,0.307,0.315,-0.008000000000000007,"3.16","4.17","-1.014"
"Turnbull, Spencer","605513","2024","222","139",0.188,0.229,-0.04100000000000001,0.325,0.38,-0.05499999999999999,0.272,0.311,-0.03899999999999998,"2.65","4.05","-1.4"
"Martinez, Seth","661527","2024","222","164",0.246,0.246,0,0.422,0.387,0.034999999999999976,0.323,0.312,0.01100000000000001,"3.59","4.08","-0.491"
"Brown, Ben","676962","2024","222","138",0.208,0.231,-0.02300000000000002,0.33,0.395,-0.065,0.268,0.315,-0.046999999999999986,"3.58","4.17","-0.592"
"Priester, Quinn","682990","2024","221","171",0.277,0.271,0.006000000000000005,0.421,0.407,0.014000000000000012,0.327,0.324,0.0030000000000000027,"4.71","4.43","0.281"
"Rodríguez, Randy","678495","2024","221","146",0.24,0.207,0.033,0.372,0.342,0.02999999999999997,0.301,0.278,0.022999999999999965,"4.30","3.19","1.109"
"Martin, Davis","663436","2024","220","145",0.26,0.226,0.034,0.365,0.363,0.0020000000000000018,0.324,0.31,0.014000000000000012,"4.32","4.02","0.3"
"Harvey, Hunter","640451","2024","219","143",0.259,0.279,-0.020000000000000018,0.442,0.454,-0.01200000000000001,0.333,0.347,-0.013999999999999957,"4.44","5.18","-0.739"
"Jansen, Kenley","445276","2024","218","135",0.196,0.208,-0.011999999999999983,0.304,0.352,-0.04799999999999999,0.253,0.28,-0.027000000000000024,"3.29","3.24","0.053"
"Ruiz, José","614179","2024","217","147",0.26,0.253,0.007000000000000006,0.423,0.407,0.016000000000000014,0.32,0.314,0.006000000000000005,"3.71","4.14","-0.434"
"Brazobán, Huascar","623211","2024","217","138",0.201,0.226,-0.024999999999999994,0.28,0.318,-0.03799999999999998,0.269,0.296,-0.02699999999999997,"3.83","3.64","0.192"
"Roupp, Landen","694738","2024","217","143",0.226,0.241,-0.014999999999999986,0.326,0.356,-0.02999999999999997,0.294,0.311,-0.017000000000000015,"3.58","4.05","-0.474"
"López, Jorge","605347","2024","216","146",0.235,0.22,0.014999999999999986,0.372,0.375,-0.0030000000000000027,0.298,0.294,0.0040000000000000036,"2.89","3.59","-0.703"
"Thielbar, Caleb","573204","2024","216","139",0.266,0.239,0.027000000000000024,0.41,0.393,0.01699999999999996,0.327,0.315,0.01200000000000001,"5.32","4.17","1.154"
"Grove, Michael","675627","2024","216","139",0.241,0.222,0.01899999999999999,0.382,0.359,0.02300000000000002,0.308,0.296,0.01200000000000001,"5.12","3.64","1.478"
"Díaz, Edwin","621242","2024","216","109",0.188,0.166,0.021999999999999992,0.328,0.284,0.04400000000000004,0.269,0.246,0.02300000000000002,"3.52","2.49","1.032"
"Sims, Lucas","608371","2024","215","134",0.229,0.223,0.006000000000000005,0.413,0.384,0.02899999999999997,0.331,0.321,0.010000000000000009,"4.38","4.34","0.038"
"Estévez, Carlos","608032","2024","212","149",0.192,0.22,-0.027999999999999997,0.313,0.391,-0.07800000000000001,0.235,0.278,-0.04300000000000004,"2.46","3.19","-0.735"
"Wicks, Jordan","696136","2024","212","148",0.291,0.267,0.023999999999999966,0.497,0.45,0.046999999999999986,0.373,0.347,0.026000000000000023,"5.48","5.18","0.298"
"Kolek, Stephen","663568","2024","211","156",0.303,0.279,0.023999999999999966,0.41,0.405,0.004999999999999949,0.336,0.325,0.01100000000000001,"5.21","4.46","0.747"
"Hoeing, Bryan","663773","2024","210","153",0.219,0.287,-0.06799999999999998,0.316,0.461,-0.14500000000000002,0.259,0.344,-0.08499999999999996,"2.18","5.07","-2.89"
"Moore, Matt","519043","2024","210","141",0.218,0.216,0.0020000000000000018,0.436,0.405,0.030999999999999972,0.329,0.318,0.01100000000000001,"5.03","4.25","0.778"
"Green, Chad","643338","2024","210","148",0.216,0.233,-0.017000000000000015,0.379,0.426,-0.046999999999999986,0.276,0.302,-0.025999999999999968,"3.21","3.80","-0.594"
"Nardi, Andrew","677053","2024","210","121",0.234,0.194,0.04000000000000001,0.426,0.317,0.10899999999999999,0.312,0.259,0.05299999999999999,"5.07","2.76","2.314"
"Pop, Zach","647315","2024","209","155",0.243,0.266,-0.02300000000000002,0.422,0.42,0.0020000000000000018,0.315,0.327,-0.01200000000000001,"5.59","4.52","1.066"
"Mlodzinski, Carmen","669387","2024","209","142",0.223,0.227,-0.0040000000000000036,0.315,0.336,-0.02100000000000002,0.272,0.284,-0.011999999999999955,"3.38","3.34","0.035"
"Banda, Anthony","607455","2024","209","139",0.238,0.227,0.010999999999999982,0.351,0.358,-0.007000000000000006,0.281,0.281,0,"3.08","3.26","-0.179"
"Wilson, Justin","458677","2024","209","143",0.286,0.245,0.04099999999999998,0.495,0.44,0.05499999999999999,0.354,0.318,0.035999999999999976,"5.59","4.25","1.343"
"Ramírez, Yohan","670990","2024","208","134",0.28,0.252,0.028000000000000025,0.423,0.386,0.03699999999999998,0.351,0.328,0.022999999999999965,"6.20","4.56","1.64"
"Ferguson, Tyler","621053","2024","207","119",0.178,0.212,-0.034,0.306,0.361,-0.05499999999999999,0.262,0.297,-0.034999999999999976,"3.68","3.67","0.012"
"Dubin, Shawn","681869","2024","207","130",0.256,0.22,0.036000000000000004,0.375,0.338,0.03699999999999998,0.324,0.308,0.016000000000000014,"4.17","3.97","0.199"